종목코드,종목명,시장구분,업종,현재가,시가총액,PER,PBR,EPS,BPS,ROE프록시,W52고가,W52저가,선행PER,선행EPS,직전EPS,추정매출,추정영업이익,추정순이익,추정매출YoY,추정영업이익YoY,직전영업이익,직전순이익,직전매출,추정연도,실적연도,추정기준일,투자의견,추정이상,_price_ok,_est_ok
005930,삼성전자,KOSPI,전기·전자,309500.0,18094232.0,47.15,4.84,6564.0,63997.0,10.256730784255511,374500.0,60200.0,6.976738943728486,44361.700000000004,6605.0,7079979.0,3767778.0,2937723.0,112.2,764.1,436011.0,442610.0,3336059.0,2026.12E,2025.12,20260630,매수,True,True,True
000660,SK하이닉스,KOSPI,전기·전자,2425000.0,17283032.0,41.13,13.89,58955.0,174539.0,33.77755114902686,2987000.0,245000.0,7.678254234121845,315827.0,62044.0,3476916.0,2688234.0,2180128.0,257.90000000000003,469.5,472063.0,429193.0,971467.0,2026.12E,2025.12,20260630,매수,True,True,True
402340,SK스퀘어,KOSPI,금융,1589000.0,2096819.0,23.91,7.58,66468.0,209564.0,31.717279685442158,2189000.0,130900.0,,,,,,,,,,,,,,,,False,True,True
009150,삼성전기,KOSPI,전기·전자,1989000.0,1485658.0,218.6,15.75,9099.0,126302.0,7.204161454292094,2417000.0,132500.0,134.46912077882567,14791.5,9345.0,134052.0,14755.0,11173.0,18.5,61.6,9133.0,7061.0,113145.0,2026.12E,2025.12,20260407,매수,False,True,True
005380,현대차,KOSPI,운송장비·부품,492000.0,1007408.0,13.93,1.12,35331.0,439541.0,8.038157987537,783000.0,204500.0,13.962081031150763,35238.3,36313.1,1957921.0,113137.0,91668.0,5.1000000000000005,-1.3,114679.0,94460.0,1862545.0,2026.12E,2025.12,20260622,매수,False,True,True
373220,LG에너지솔루션,KOSPI,전기·전자,362500.0,848250.0,-79.06,4.2,-4585.0,86391.0,-5.307265803150791,527000.0,302000.0,-6700.554528650647,-54.1,-4585.0,309381.0,13640.0,-127.0,30.700000000000003,1.3,13461.0,-10728.0,236718.0,2026.12E,2025.12,20260504,매수,False,True,True
032830,삼성생명,KOSPI,보험,383000.0,766000.0,33.26,1.1,11514.0,349293.0,3.296372959091651,516500.0,117000.0,,,,,,,,,,,,,,20260223,매수,False,True,True
028260,삼성물산,KOSPI,유통,433500.0,702996.0,30.6,1.42,14165.0,305019.0,4.643972998403378,565000.0,155300.0,,,,,,,,,,,,,,,,False,True,True
207940,삼성바이오로직스,KOSPI,제약,1421000.0,657794.0,53.48,8.82,26572.0,161142.0,16.48980402378027,1987000.0,982000.0,34.57362040062578,41100.700000000004,23671.0,53002.0,24051.0,19005.0,16.3,16.3,20681.0,15862.0,45570.0,2026.12E,2025.12,20260629,매수,False,True,True
012450,한화에어로스페이스,KOSPI,운송장비·부품,1175000.0,605870.0,41.12,6.24,28573.0,188244.0,15.178704234929135,1655000.0,760000.0,29.7557244949124,39488.200000000004,28530.0,309891.0,41608.0,20316.0,16.1,34.7,30893.0,14050.0,267029.0,2026.12E,2025.12,20260504,매수,False,True,True
329180,HD현대중공업,KOSPI,운송장비·부품,577000.0,605626.0,36.75,6.48,15702.0,89025.0,17.637742207245154,765000.0,370000.0,19.45991157038451,29650.7,15702.0,243142.0,38970.0,31113.0,38.300000000000004,91.30000000000001,20375.0,14155.0,175806.0,2026.12E,2025.12,20260624,매수,True,True,True
105560,KB금융,KOSPI,금융,170100.0,603324.0,11.25,1.03,15116.0,164669.0,9.179627009333876,182700.0,105800.0,,,,297666.0,91724.0,64301.0,2.1,7.7,85177.0,58332.0,291561.0,2026.12E,2025.12,20260424,매수,False,True,True
000270,기아,KOSPI,운송장비·부품,152000.0,593428.0,7.95,0.97,19111.0,157456.0,12.13735900823087,212500.0,97400.0,7.3696255066617535,20625.2,19399.100000000002,1217389.0,95469.0,79908.0,6.7,5.2,90781.0,75610.0,1141409.0,2026.12E,2025.12,20260622,매수,False,True,True
034020,두산에너빌리티,KOSPI,기계·장비,86200.0,552164.0,653.03,7.09,132.0,12156.0,1.085883514313919,139200.0,51100.0,651.5495086923657,132.3,174.0,170579.0,7627.0,848.0,5.1000000000000005,-25.0,10176.0,1114.0,162331.0,2025.12E,2024.12,20260401,매수,False,True,True
055550,신한지주,KOSPI,금융,107300.0,509304.0,10.64,0.88,10085.0,121468.0,8.30259821516778,110800.0,61600.0,,,,298881.0,76740.0,55456.0,6.800000000000001,9.3,70234.0,49716.0,279888.0,2026.12E,2025.12,20260424,매수,False,True,True
034730,SK,KOSPI,금융,690000.0,500269.0,31.56,1.51,21863.0,457231.0,4.781609295957622,883000.0,176900.0,7.721670700959836,89358.90000000001,29000.0,1394536.0,74447.0,49080.0,13.700000000000001,309.40000000000003,18185.0,15975.0,1227033.0,2026.12E,2025.12,20260518,매수,True,True,True
012330,현대모비스,KOSPI,운송장비·부품,494000.0,448219.0,12.45,0.9,39682.0,551325.0,7.197569491679137,822000.0,279000.0,12.243512053911108,40347.9,40356.700000000004,620560.0,35266.0,36550.0,1.5,5.0,33575.0,36558.0,611181.0,2026.12E,2025.12,20260622,매수,False,True,True
068270,셀트리온,KOSPI,제약,183600.0,426969.0,43.32,2.45,4238.0,74822.0,5.664109486514661,251000.0,158500.0,25.424432935441878,7221.400000000001,4668.0,52652.0,18171.0,15750.0,26.5,55.5,11685.0,10296.0,41625.0,2026.12E,2025.12,20260507,매수,False,True,True
006400,삼성SDI,KOSPI,전기·전자,467500.0,376737.0,-56.16,1.72,-8325.0,272485.0,-3.055214048479733,723000.0,169700.0,590.1287553648068,792.2,-8796.0,157678.0,-1724.0,624.0,18.900000000000002,-90.0,-17224.0,-6495.0,132667.0,2026.12E,2025.12,20260429,매수,False,True,True
086790,하나금융지주,KOSPI,금융,125600.0,344606.0,8.9,0.76,14110.0,164776.0,8.563140263145117,136000.0,80500.0,,,,231461.0,60909.0,45146.0,3.1,13.8,53509.0,40029.0,224597.0,2026.12E,2025.12,20260426,매수,False,True,True
010120,LS ELECTRIC,KOSPI,전기·전자,229500.0,344250.0,120.09,16.49,1911.0,13920.0,13.728448275862068,907000.0,171200.0,66.70348195082252,3440.6000000000004,1929.4,65561.0,6975.0,5118.0,32.0,63.6,4264.0,2866.0,49658.0,2026.12E,2025.12,20260604,매수,False,True,True
267260,HD현대일렉트릭,KOSPI,전기·전자,945000.0,340645.0,46.5,16.77,20324.0,56366.0,36.05719760139091,1430000.0,418000.0,34.61044026677507,27303.9,20354.0,48728.0,12671.0,9827.0,19.400000000000002,27.3,9953.0,7326.0,40795.0,2026.12E,2025.12,20260429,매수,False,True,True
042660,한화오션,KOSPI,운송장비·부품,106900.0,327556.0,26.29,5.31,4066.0,20138.0,20.1906842784785,154800.0,71500.0,18.128476461809793,5896.8,4007.0,137245.0,19914.0,18066.0,7.4,70.60000000000001,11676.0,12458.0,127835.0,2026.12E,2025.12,20260624,매수,False,True,True
066570,LG전자,KOSPI,전기·전자,191000.0,311110.0,35.9,1.44,5321.0,132659.0,4.01103581362742,438000.0,72000.0,27.840130600822086,6860.6,5330.0,942591.0,35625.0,12346.0,5.7,43.7,24784.0,9606.0,892009.0,2026.12E,2025.12,20260407,매수,False,True,True
298040,효성중공업,KOSPI,전기·전자,3323000.0,309855.0,59.6,13.16,55755.0,252555.0,22.076379402506387,4742000.0,860000.0,39.51422357464003,84096.3,55832.0,73237.0,10604.0,7831.0,22.700000000000003,42.0,7470.0,5199.0,59685.0,2026.12E,2025.12,20260427,매수,False,True,True
035420,NAVER,KOSPI,IT 서비스,195800.0,307186.0,15.82,1.06,12376.0,184396.0,6.711642334974728,304000.0,190300.0,19.382876149558985,10101.7,13009.0,137728.0,24712.0,15845.0,14.4,11.9,22081.0,19532.0,120350.0,2026.12E,2025.12,20260608,매수,False,True,True
000810,삼성화재,KOSPI,보험,638000.0,284851.0,15.67,1.28,40703.0,500071.0,8.139444198923753,757000.0,412000.0,,,,,,,,,,,,,,20260223,매수,False,True,True
009540,HD한국조선해양,KOSPI,금융,359500.0,254429.0,11.73,1.91,30639.0,187883.0,16.30748923532198,494500.0,304500.0,7.276031800003238,49408.8,30664.0,342759.0,54000.0,34939.0,14.5,38.300000000000004,39045.0,21684.0,299332.0,2026.12E,2025.12,20260610,매수,False,True,True
005490,POSCO홀딩스,KOSPI,금속,320000.0,253573.0,39.58,0.43,8085.0,736969.0,1.0970610704113741,542000.0,258500.0,9.972699734476869,32087.600000000002,8697.0,788485.0,37665.0,24250.0,14.100000000000001,106.2,18271.0,6577.0,690949.0,2026.12E,2025.12,20260409,매수,True,True,True
015760,한국전력,KOSPI,전기·가스,38250.0,245551.0,2.87,0.51,13311.0,75035.0,17.739721463317117,69500.0,34100.0,12.010927589022169,3184.6000000000004,13311.0,985306.0,68231.0,20444.0,1.1,-49.400000000000006,134906.0,85449.0,974293.0,2026.12E,2025.12,20260401,중립,False,True,True
006800,미래에셋증권,KOSPI,증권,42750.0,239215.0,19.85,1.88,2154.0,22705.0,9.486897159216031,87800.0,17100.0,,,,66645.0,42508.0,31269.0,70.5,122.0,19151.0,15695.0,39094.0,2026.12E,2025.12,20260609,중립,True,True,True
010130,고려아연,KOSPI,금속,1115000.0,232734.0,28.95,2.08,38514.0,536342.0,7.1808659400158845,2188000.0,745000.0,,,,,,,,,,,,,,,,False,True,True
000150,두산,KOSPI,전기·전자,1433000.0,232058.0,404.12,16.4,3546.0,87399.0,4.057254659664298,2489000.0,468000.0,56.56385439445493,25334.2,4230.0,225351.0,17185.0,4333.0,13.9,61.7,10627.0,758.0,197841.0,2026.12E,2025.12,20260518,매수,False,True,True
316140,우리금융지주,KOSPI,금융,30750.0,223888.0,7.29,0.63,4221.0,49068.0,8.60234776228907,41500.0,22550.0,,,,226089.0,44767.0,32693.0,6.7,21.8,36748.0,31243.0,211887.0,2026.12E,2025.12,20260426,매수,False,True,True
042700,한미반도체,KOSPI,기계·장비,232500.0,221601.0,104.12,31.95,2233.0,7278.0,30.681505908216543,426000.0,81400.0,,,,,,,,,,,,,,,,False,True,True
064350,현대로템,KOSPI,운송장비·부품,200500.0,218830.0,28.42,7.11,7055.0,28211.0,25.007975612349792,282000.0,162000.0,21.65717927391741,9257.9,7055.0,71570.0,12420.0,10104.0,22.6,23.5,10056.0,7699.0,58390.0,2026.12E,2025.12,20260427,매수,False,True,True
010140,삼성중공업,KOSPI,운송장비·부품,23500.0,206800.0,37.9,4.84,620.0,4857.0,12.76508132592135,35350.0,15610.0,20.18726913495404,1164.1000000000001,639.0,125157.0,14913.0,9943.0,17.5,73.0,8622.0,5455.0,106500.0,2026.12E,2025.12,20260617,매수,False,True,True
011070,LG이노텍,KOSPI,전기·전자,872000.0,206377.0,60.48,3.58,14419.0,243532.0,5.920782484437363,1788000.0,146800.0,28.130484154020852,30998.4,14421.0,239729.0,10641.0,7336.0,9.5,60.0,6650.0,3413.0,218966.0,2026.12E,2025.12,20260407,매수,False,True,True
051910,LG화학,KOSPI,화학,281500.0,198717.0,-12.11,0.67,-23242.0,419617.0,-5.538860437017566,437500.0,245000.0,21.854232656356746,12880.800000000001,-23244.0,515941.0,8756.0,10087.0,12.3,-25.900000000000002,11809.0,-18194.0,459322.0,2026.12E,2025.12,20260504,매수,False,True,True
017670,SK텔레콤,KOSPI,통신,86400.0,185579.0,45.45,1.43,1901.0,60395.0,3.1476115572481165,139500.0,51400.0,13.49852359898136,6400.700000000001,1825.0,177025.0,19476.0,13633.0,3.5,81.5,10732.0,4084.0,170992.0,2026.12E,2025.12,20260508,매수,True,True,True
196170,알테오젠,KOSDAQ,일반서비스,341500.0,182997.0,129.7,41.36,2633.0,8257.0,31.888094949739614,569000.0,286000.0,,,,,,,,,,,,,,,,False,True,True
033780,KT&G,KOSPI,음식료·담배,175100.0,181772.0,19.51,1.96,8973.0,89409.0,10.035902425930274,192400.0,127900.0,14.290611125620265,12252.800000000001,10220.0,70181.0,14956.0,12607.0,6.7,11.3,13437.0,10901.0,65797.0,2026.12E,2025.12,20260612,매수,False,True,True
011200,HMM,KOSPI,운송·창고,19170.0,180819.0,9.81,0.68,1955.0,28168.0,6.9404998579948876,26250.0,17910.0,13.986575222530277,1370.6000000000001,1951.0,116508.0,11241.0,12928.0,7.0,-23.1,14612.0,18784.0,108914.0,2026.12E,2025.12,20260608,중립,False,True,True
079550,LIG디펜스앤에어로스페이스,KOSPI,금속,800000.0,176000.0,69.47,12.22,11516.0,65465.0,17.59107920262736,1118000.0,360000.0,45.29447067749204,17662.2,11604.0,52302.0,4368.0,3858.0,21.400000000000002,36.800000000000004,3194.0,2534.0,43069.0,2026.12E,2025.12,20260508,매수,False,True,True
024110,기업은행,KOSPI,금융,21300.0,169852.0,6.26,0.47,3400.0,45716.0,7.437221104208593,29550.0,18500.0,,,,184240.0,38957.0,29023.0,3.7,6.6000000000000005,36556.0,27111.0,177642.0,2026.12E,2025.12,20260426,중립,False,True,True
267250,HD현대,KOSPI,금융,206500.0,163121.0,16.94,1.44,12187.0,143153.0,8.51326901985987,333000.0,117600.0,,,,,,,,,,,,,,,,False,True,True
096770,SK이노베이션,KOSPI,화학,95000.0,160600.0,-4.51,0.73,-21056.0,129847.0,-16.216008071037454,155400.0,87700.0,12.572124291990894,7556.400000000001,-21502.0,934431.0,58114.0,12719.0,16.400000000000002,1195.2,4487.0,-33479.0,802961.0,2026.12E,2025.12,20260514,중립,True,True,True
035720,카카오,KOSPI,IT 서비스,35500.0,157253.0,31.98,1.39,1110.0,25625.0,4.33170731707317,69700.0,32250.0,19.710177113985896,1801.1000000000001,1118.0,81600.0,9246.0,7918.0,0.8,26.3,7320.0,4915.0,80991.0,2026.12E,2025.12,20260507,매수,False,True,True
003550,LG,KOSPI,금융,101100.0,152855.0,21.85,0.54,4628.0,186173.0,2.4858599259828225,185900.0,70100.0,12.47624453932917,8103.400000000001,4780.0,84512.0,16851.0,12491.0,16.5,84.7,9122.0,7372.0,72525.0,2026.12E,2025.12,20260518,매수,True,True,True
047810,한국항공우주,KOSPI,운송장비·부품,156600.0,152646.0,82.12,8.34,1907.0,18776.0,10.156582871751171,215500.0,83100.0,55.408130771680284,2826.3,1907.0,56642.0,4244.0,2755.0,53.2,57.7,2692.0,1859.0,36964.0,2026.12E,2025.12,20260508,매수,False,True,True
018260,삼성에스디에스,KOSPI,IT 서비스,195400.0,151196.0,19.91,1.52,9816.0,128198.0,7.656905723958252,388500.0,143700.0,21.32698835419827,9162.1,9819.0,142814.0,7893.0,7089.0,2.5,-17.5,9571.0,7595.0,139299.0,2026.12E,2025.12,20260423,매수,False,True,True
086280,현대글로비스,KOSPI,운송·창고,197000.0,147750.0,8.52,1.43,23117.0,138016.0,16.749507303501044,296000.0,133700.0,8.644938761360194,22787.9,23117.0,319030.0,22002.0,17091.0,7.9,6.1000000000000005,20730.0,17337.0,295664.0,2026.12E,2025.12,20260601,매수,False,True,True
003670,포스코퓨처엠,KOSPI,전기·전자,162200.0,144271.0,420.21,3.55,386.0,45731.0,0.8440663882268046,299500.0,122400.0,3071.9696969696965,52.800000000000004,51.0,37628.0,550.0,47.0,28.0,67.5,328.0,323.0,29387.0,2026.12E,2025.12,20260504,중립,False,True,True
278470,에이피알,KOSPI,화학,382500.0,143201.0,49.65,32.12,7704.0,11910.0,64.68513853904282,473000.0,133900.0,28.338581218744213,13497.5,7765.0,27182.0,6628.0,5053.0,78.0,81.30000000000001,3655.0,2897.0,15273.0,2026.12E,2025.12,20260630,매수,True,True,True
272210,한화시스템,KOSPI,전기·전자,75500.0,142634.0,58.89,2.91,1282.0,25933.0,4.943508271314542,184000.0,44750.0,271.38749101365926,278.2,1290.0,44404.0,2256.0,520.0,21.200000000000003,88.10000000000001,1199.0,2422.0,36642.0,2026.12E,2025.12,20260529,매수,True,True,True
307950,현대오토에버,KOSPI,IT 서비스,505000.0,138491.0,75.89,7.5,6654.0,67357.0,9.878705999376457,1066000.0,146100.0,57.80346820809248,8736.5,6654.400000000001,47167.0,3021.0,2398.0,10.9,18.3,2553.0,1825.0,42521.0,2026.12E,2025.12,20260605,매수,False,True,True
030200,KT,KOSPI,통신,53700.0,135336.0,7.82,0.73,6869.0,73231.0,9.379907416258142,69400.0,48100.0,8.42802435808902,6371.6,7119.0,279423.0,21854.0,15320.0,-1.1,-11.5,24691.0,17310.0,282442.0,2026.12E,2025.12,20260512,매수,False,True,True
071050,한국금융지주,KOSPI,금융,242000.0,134857.0,7.38,1.18,32808.0,205667.0,15.952000077795661,300500.0,121800.0,,,,,,,,,,,,,,,,False,True,True
000720,현대건설,KOSPI,건설,115300.0,128393.0,34.73,1.57,3320.0,73523.0,4.515593759775852,198400.0,54100.0,22.89424566141138,5036.200000000001,3319.0,260976.0,8433.0,5662.0,-16.0,29.1,6530.0,3731.0,310629.0,2026.12E,2025.12,20260429,매수,False,True,True
010950,S-Oil,KOSPI,화학,110200.0,124066.0,72.6,1.44,1518.0,76339.0,1.9884986704043806,177100.0,57600.0,4.8065599511493,22927.0,1519.0,495838.0,36616.0,26731.0,44.800000000000004,1454.0,2356.0,1770.0,342470.0,2026.12E,2025.12,20260616,매수,True,True,True
247540,에코프로비엠,KOSDAQ,전기·전자,124400.0,121701.0,308.68,7.04,403.0,17677.0,2.2797986083611472,260000.0,99900.0,236.36709101273036,526.3000000000001,403.0,28874.0,1055.0,515.0,14.100000000000001,-26.400000000000002,1433.0,394.0,25316.0,2026.12E,2025.12,20260430,중립,False,True,True
086520,에코프로,KOSDAQ,금융,87300.0,118533.0,-79.15,5.98,-1103.0,14608.0,-7.55065717415115,190000.0,44500.0,,,,,,,,,,,,,,,,False,True,True
006260,LS,KOSPI,금융,374000.0,116688.0,44.22,2.04,8458.0,182946.0,4.623222152985034,604000.0,148600.0,20.66835034511724,18095.3,9903.0,375521.0,15664.0,4944.0,17.8,48.800000000000004,10526.0,2708.0,318700.0,2026.12E,2025.12,20260401,매수,False,True,True
005940,NH투자증권,KOSPI,증권,31400.0,111892.0,10.87,1.25,2888.0,25187.0,11.46623258029936,42600.0,18340.0,,,,35043.0,20229.0,14616.0,30.900000000000002,42.400000000000006,14206.0,10316.0,26762.0,2026.12E,2025.12,20260424,매수,False,True,True
259960,크래프톤,KOSPI,IT 서비스,235500.0,108655.0,15.25,1.49,15438.0,157747.0,9.786556955124345,372000.0,199300.0,8.014893066692078,29382.800000000003,16454.0,46867.0,14939.0,13121.0,40.900000000000006,41.7,10544.0,7348.0,33266.0,2026.12E,2025.12,20260520,매수,False,True,True
016360,삼성증권,KOSPI,증권,119100.0,106356.0,10.56,1.32,11279.0,90348.0,12.483950945233985,163000.0,65200.0,,,,33875.0,21924.0,15927.0,34.4,59.400000000000006,13757.0,10072.0,25201.0,2026.12E,2025.12,20260511,매수,False,True,True
003490,대한항공,KOSPI,운송·창고,28850.0,106232.0,13.67,0.97,2111.0,29659.0,7.117569709025928,31200.0,21000.0,13.969591322874296,2065.2000000000003,3566.0,248032.0,12181.0,7628.0,38.800000000000004,-42.300000000000004,21102.0,13173.0,178707.0,2025.12E,2024.12,20251127,매수,False,True,True
323410,카카오뱅크,KOSPI,금융,22250.0,106159.0,0.0,0.0,0.0,0.0,,34800.0,19110.0,,,,,,,,,,,,,,,,False,True,True
443060,HD현대마린솔루션,KOSPI,일반서비스,216000.0,96840.0,35.92,11.74,6013.0,18396.0,32.68645357686454,287000.0,158000.0,27.068347577633524,7979.8,6013.0,23650.0,4238.0,3577.0,19.3,21.0,3501.0,2696.0,19827.0,2026.12E,2025.12,20260504,매수,False,True,True
005830,DB손해보험,KOSPI,보험,146800.0,96155.0,5.81,0.82,25263.0,179423.0,14.080134653862661,214000.0,118100.0,,,,,,,,,,,,,,20260223,매수,False,True,True
277810,레인보우로보틱스,KOSDAQ,기계·장비,492500.0,95544.0,6746.58,71.39,73.0,6899.0,1.0581243658501231,979000.0,249500.0,,,,,,,,,,,,,,,,False,True,True
028050,삼성E&A,KOSPI,일반서비스,48100.0,94276.0,15.27,1.99,3150.0,24187.0,13.023525034109232,67300.0,22900.0,13.942837265928459,3449.8,3150.0,109508.0,9110.0,6762.0,21.3,15.0,7921.0,6175.0,90288.0,2026.12E,2025.12,20260409,매수,False,True,True
039490,키움증권,KOSPI,증권,348500.0,91406.0,8.6,1.37,40504.0,254008.0,15.945954458127304,517000.0,190500.0,,,,31262.0,21447.0,16278.0,30.5,44.1,14882.0,11136.0,23962.0,2026.12E,2025.12,20260430,매수,False,True,True
036930,주성엔지니어링,KOSDAQ,기계·장비,192600.0,89523.0,255.1,14.9,755.0,12922.0,5.842748800495279,283000.0,26050.0,129.31381764468912,1489.4,781.0,3529.0,645.0,680.0,13.600000000000001,106.30000000000001,313.0,357.0,3107.0,2026.12E,2025.12,20260429,매수,True,True,True
180640,한진칼,KOSPI,금융,134000.0,89461.0,58.18,2.7,2303.0,49668.0,4.636788274140292,175900.0,93100.0,,,,,,,,,,,,,,,,False,True,True
352820,하이브,KOSPI,오락·문화,205000.0,88360.0,-36.14,2.67,-5673.0,76643.0,-7.401850136346437,405500.0,174600.0,38.3758587768397,5341.900000000001,-5690.0,42960.0,2696.0,2299.0,62.1,446.70000000000005,493.0,-2373.0,26499.0,2026.12E,2025.12,20260429,매수,True,True,True
047050,포스코인터내셔널,KOSPI,유통,49300.0,86730.0,14.12,1.25,3491.0,39358.0,8.86986127343869,91200.0,44850.0,,,,,,,,,,,,,,,,False,True,True
003230,삼양식품,KOSPI,음식료·담배,1111000.0,83692.0,21.49,6.67,51697.0,166650.0,31.02130213021302,1665000.0,981000.0,14.63135825361372,75932.8,52156.0,30303.0,7361.0,5720.0,28.8,40.400000000000006,5242.0,3894.0,23518.0,2026.12E,2025.12,20260612,매수,False,True,True
161390,한국타이어앤테크놀로지,KOSPI,화학,67300.0,83368.0,7.65,0.68,8795.0,99234.0,8.862889735372956,78400.0,37650.0,7.334510342422458,9175.800000000001,8930.9,234764.0,18544.0,11193.0,10.700000000000001,0.7000000000000001,18411.0,10895.0,212023.0,2026.12E,2025.12,20260511,매수,False,True,True
007660,이수페타시스,KOSPI,전기·전자,110100.0,80824.0,48.78,10.7,2257.0,10292.0,21.929654100272057,164400.0,50900.0,32.31866615786538,3406.7000000000003,2278.0,15049.0,3148.0,2501.0,38.300000000000004,53.800000000000004,2047.0,1605.0,10880.0,2026.12E,2025.12,20260413,매수,False,True,True
047040,대우건설,KOSPI,건설,18380.0,75525.0,-8.37,2.26,-2195.0,8148.0,-26.93912616593029,40350.0,3320.0,,,,,,,,,,,,,,,,False,True,True
000880,한화,KOSPI,화학,104900.0,73963.0,26.63,0.79,3939.0,133067.0,2.9601629254435733,166400.0,74100.0,9.919527947726262,10575.1,4072.0,856335.0,59467.0,9277.0,14.5,43.400000000000006,41469.0,3725.0,747854.0,2026.12E,2025.12,20260518,매수,False,True,True
064400,LG씨엔에스,KOSPI,IT 서비스,74200.0,71889.0,16.31,2.45,4548.0,30270.0,15.024777006937562,153300.0,54100.0,,,,,,,,,,,,,,,,False,True,True
090430,아모레퍼시픽,KOSPI,화학,121200.0,70893.0,35.51,1.53,3413.0,78989.0,4.320854802567446,169000.0,94000.0,24.87991131912797,4871.400000000001,3416.0,47231.0,4719.0,3358.0,11.100000000000001,40.5,3358.0,2357.0,42528.0,2026.12E,2025.12,20260623,매수,False,True,True
078930,GS,KOSPI,금융,73000.0,67814.0,8.66,0.47,8434.0,155303.0,5.43067423037546,86700.0,42800.0,9.583825653144283,7617.0,8435.0,261551.0,26795.0,7213.0,3.9000000000000004,-8.700000000000001,29361.0,7987.0,251841.0,2026.12E,2025.12,20260410,중립,False,True,True
062040,산일전기,KOSPI,전기·전자,221000.0,67661.0,45.19,11.47,4891.0,19269.0,25.382739114640096,341000.0,81000.0,,,,6810.0,2523.0,,35.7,41.300000000000004,1786.0,,5019.0,2026.12E,2025.12,20260604,매수,False,True,True
021240,코웨이,KOSPI,일반서비스,95400.0,67512.0,11.15,1.87,8558.0,51065.0,16.759032605502792,114700.0,68800.0,,,,,,,,,,,,,,,,False,True,True
326030,SK바이오팜,KOSPI,일반서비스,86200.0,67506.0,25.29,8.3,3409.0,10382.0,32.83567713350029,144100.0,80600.0,21.715581307469456,3969.5,3409.0,9575.0,3370.0,3109.0,35.5,65.3,2039.0,2670.0,7067.0,2026.12E,2025.12,20260410,매수,False,True,True
004170,신세계,KOSPI,유통,706000.0,66683.0,490.28,1.39,1440.0,508154.0,0.2833786607996788,792000.0,160800.0,15.579279998940784,45316.600000000006,1590.0,78202.0,8578.0,3969.0,12.9,78.7,4800.0,139.0,69295.0,2026.12E,2025.12,20260625,매수,False,True,True
240810,원익IPS,KOSDAQ,기계·장비,133100.0,65331.0,77.75,6.68,1712.0,19936.0,8.587479935794542,187800.0,26550.0,,,,,,,,,,,,,,,,False,True,True
001440,대한전선,KOSPI,전기·전자,32900.0,64482.0,72.79,3.82,452.0,8622.0,5.242403154720483,75900.0,14740.0,53.49593495934959,615.0,453.0,39389.0,1772.0,1143.0,8.3,37.800000000000004,1286.0,842.0,36360.0,2026.12E,2025.12,20260401,매수,False,True,True
028300,HLB,KOSDAQ,제약,48350.0,64401.0,-28.83,15.31,-1677.0,3159.0,-53.086419753086425,69200.0,36150.0,,,,,,,,,,,,,,,,False,True,True
353200,대덕전자,KOSPI,전기·전자,129600.0,64044.0,140.26,7.44,924.0,17419.0,5.304552500143521,198000.0,17200.0,39.23230610885754,3303.4,924.0,14649.0,2064.0,1702.0,37.5,320.6,491.0,476.0,10653.0,2026.12E,2025.12,20260407,매수,True,True,True
241560,두산밥캣,KOSPI,기계·장비,64400.0,61731.0,15.45,0.86,4168.0,75131.0,5.547643449441642,79700.0,51900.0,,,,,,,,,,,,,,,,False,True,True
032640,LG유플러스,KOSPI,통신,14200.0,60269.0,11.75,0.68,1208.0,20826.0,5.800441755497935,18800.0,13600.0,7.903378415984861,1796.7,1221.0,156530.0,11468.0,7565.0,1.3,28.5,8921.0,5239.0,154517.0,2026.12E,2025.12,20260508,매수,False,True,True
058470,리노공업,KOSDAQ,전기·전자,78600.0,59903.0,0.0,0.0,0.0,0.0,,129000.0,44000.0,29.98397802700847,2621.4,2002.0,4581.0,2233.0,1990.0,23.0,26.200000000000003,1770.0,1520.0,3725.0,2026.12E,2025.12,20260413,매수,False,True,True
128940,한미약품,KOSPI,제약,461500.0,59123.0,34.87,4.68,13235.0,98560.0,13.428368506493507,647000.0,267500.0,30.039705786630215,15363.0,13372.0,16614.0,2629.0,1949.0,7.4,2.0,2578.0,1696.0,15475.0,2026.12E,2025.12,20260602,매수,False,True,True
138930,BNK금융지주,KOSPI,금융,18780.0,58279.0,7.31,0.54,2570.0,34780.0,7.389304197814836,23050.0,12900.0,,,,66660.0,11149.0,8584.0,3.0,23.5,9027.0,8150.0,64725.0,2026.12E,2025.12,20260430,매수,False,True,True
029780,삼성카드,KOSPI,금융,49850.0,57756.0,8.94,0.6,5575.0,83059.0,6.712096220758738,69200.0,44050.0,,,,46685.0,9118.0,6761.0,6.5,6.800000000000001,8537.0,6459.0,43829.0,2026.12E,2025.12,20260426,중립,False,True,True
267270,HD건설기계,KOSPI,기계·장비,118800.0,56931.0,21.17,1.14,5613.0,104016.0,5.396285186894325,217500.0,72900.0,,,,,,,,,,,,,,,,False,True,True
036570,NC,KOSPI,IT 서비스,261000.0,56230.0,16.29,1.5,16023.0,173511.0,9.234573024188668,343500.0,176100.0,12.410841654778887,21030.0,17876.0,25985.0,5139.0,4531.0,72.4,3096.3,161.0,3467.0,15069.0,2026.12E,2025.12,20260529,매수,True,True,True
009830,한화솔루션,KOSPI,화학,32700.0,56209.0,-8.77,0.62,-3728.0,52947.0,-7.041003267418362,59300.0,25700.0,,,,,,,,,,,,,,,,False,True,True
000100,유한양행,KOSPI,제약,70400.0,56072.0,29.47,2.28,2389.0,30855.0,7.742667314859829,136400.0,65000.0,,,,,,,,,,,,,,,,False,True,True
034220,LG디스플레이,KOSPI,전기·전자,11070.0,55350.0,24.44,0.84,453.0,13208.0,3.429739551786796,17950.0,9020.0,,,,,,,,,,,,,,,,False,True,True
377300,카카오페이,KOSPI,금융,40600.0,54917.0,121.19,2.89,335.0,14062.0,2.382306926468497,88000.0,36550.0,38.45789523538884,1055.7,335.0,13278.0,1601.0,1428.0,38.5,217.9,504.0,452.0,9584.0,2026.12E,2025.12,20260506,중립,True,True,True
454910,두산로보틱스,KOSPI,기계·장비,84600.0,54838.0,-98.83,15.73,-856.0,5378.0,-15.916697657121606,170000.0,57400.0,,,,,,,,,,,,,,,,False,True,True
271560,오리온,KOSPI,음식료·담배,136300.0,53878.0,14.08,1.41,9680.0,96352.0,10.046496180670873,150100.0,99000.0,11.102603369065848,12276.400000000001,9682.0,37594.0,6476.0,4853.0,12.8,16.0,5583.0,3827.0,33324.0,2026.12E,2025.12,20260605,매수,False,True,True
298380,에이비엘바이오,KOSDAQ,제약,96100.0,53804.0,-138.67,34.24,-693.0,2807.0,-24.688279301745634,257500.0,60700.0,,,,,,,,,,,,,,,,False,True,True
319660,피에스케이,KOSDAQ,기계·장비,182300.0,52806.0,67.22,9.8,2712.0,18606.0,14.575943244114804,219500.0,18100.0,37.946753814450155,4804.1,2712.0,6939.0,1638.0,1392.0,51.800000000000004,85.0,885.0,785.0,4572.0,2026.12E,2025.12,20260518,매수,True,True,True
000990,DB하이텍,KOSPI,전기·전자,120700.0,52510.0,20.87,2.29,5783.0,52634.0,10.987194589048904,230500.0,42450.0,,,,,,,,,,,,,,,,False,True,True
011790,SKC,KOSPI,화학,102700.0,50937.0,-5.3,4.21,-19393.0,24423.0,-79.40465954223478,184400.0,88000.0,,,,,,,,,,,,,,,,False,True,True
000250,삼천당제약,KOSDAQ,제약,214000.0,50199.0,955.36,18.03,224.0,11868.0,1.887428378833839,1233000.0,147900.0,,,,,,,,,,,,,,,,False,True,True
141080,리가켐바이오,KOSDAQ,일반서비스,133700.0,49495.0,-65.89,9.6,-2029.0,13930.0,-14.565685570710695,225000.0,112500.0,,,,,,,,,,,,,,,,False,True,True
175330,JB금융지주,KOSPI,금융,26150.0,49228.0,7.09,0.82,3688.0,31745.0,11.617577571271067,38500.0,21150.0,,,,38093.0,10178.0,7342.0,6.6000000000000005,6.9,9523.0,7104.0,35718.0,2026.12E,2025.12,20260424,매수,False,True,True
222800,심텍,KOSDAQ,전기·전자,129100.0,48366.0,-26.05,8.37,-4955.0,15419.0,-32.135676762435956,164200.0,21400.0,-26.751486769307277,-4825.900000000001,-953.0,14106.0,127.0,-1699.0,14.600000000000001,-127.0,-470.0,-303.0,12314.0,2025.12E,2024.12,20260224,매수,False,True,True
039030,이오테크닉스,KOSDAQ,기계·장비,392500.0,48354.0,84.52,7.03,4644.0,55838.0,8.316916795014148,623000.0,174800.0,84.29982817869416,4656.0,3540.0,3809.0,807.0,568.0,18.7,158.8,312.0,428.0,3209.0,2025.12E,2024.12,20260402,매수,True,True,True
023530,롯데쇼핑,KOSPI,유통,167300.0,47327.0,91.82,0.31,1822.0,537131.0,0.3392096155314067,211000.0,62700.0,13.52126791184101,12373.1,1824.0,144139.0,8666.0,3498.0,4.9,58.400000000000006,5470.0,516.0,137384.0,2026.12E,2025.12,20260625,매수,False,True,True
000500,가온전선,KOSPI,전기·전자,277500.0,45907.0,155.29,17.08,1787.0,16247.0,10.99895365298209,635000.0,52600.0,,,,,,,,,,,,,,,,False,True,True
001040,CJ,KOSPI,금융,155100.0,45254.0,38.59,1.0,4019.0,155346.0,2.5871280882674803,235000.0,141300.0,12.891803605715282,12030.900000000001,4271.0,477201.0,27544.0,3995.0,6.0,9.0,25277.0,1433.0,450188.0,2026.12E,2025.12,20260518,매수,False,True,True
082740,한화엔진,KOSPI,기계·장비,52200.0,43559.0,25.07,7.83,2082.0,6666.0,31.233123312331234,94400.0,24650.0,20.912623692961017,2496.1000000000004,2071.0,16829.0,2478.0,2082.0,22.700000000000003,90.5,1301.0,1738.0,13711.0,2026.12E,2025.12,20260615,매수,True,True,True
066970,엘앤에프,KOSPI,전기·전자,106000.0,43002.0,-7.36,6.06,-14393.0,17482.0,-82.3303969797506,225000.0,50800.0,1896.2432915921286,55.900000000000006,-15508.0,32027.0,973.0,22.0,48.6,-162.0,-1568.0,-5335.0,21549.0,2026.12E,2025.12,20260408,매수,False,True,True
087010,펩트론,KOSDAQ,제약,180700.0,42134.0,-180.7,27.59,-1000.0,6550.0,-15.267175572519085,392500.0,162500.0,,,,,,,,,,,,,,,,False,True,True
002380,KCC,KOSPI,화학,489000.0,42019.0,2.82,0.46,173128.0,1063952.0,16.272162653954314,692000.0,314500.0,,,,,,,,,,,,,,,,False,True,True
052690,한전기술,KOSPI,일반서비스,106200.0,40590.0,47.54,6.46,2234.0,16428.0,13.598733869004139,198000.0,80300.0,68.44106463878327,1551.7,2244.0,6389.0,650.0,590.0,23.200000000000003,83.4,355.0,854.0,5188.0,2026.12E,2025.12,20260401,매수,True,True,True
403870,HPSP,KOSDAQ,기계·장비,48500.0,39916.0,0.0,0.0,0.0,0.0,,92000.0,24300.0,31.759544234169336,1527.1000000000001,901.0,2434.0,1251.0,1240.0,40.7,39.1,899.0,727.0,1730.0,2026.12E,2025.12,20260518,매수,False,True,True
440110,파두,KOSDAQ,전기·전자,79600.0,39881.0,-52.03,203.58,-1530.0,391.0,-391.30434782608694,129400.0,10900.0,,,,,,,,,,,,,,,,False,True,True
010060,OCI홀딩스,KOSPI,금융,213000.0,39768.0,-44.64,1.01,-4772.0,210598.0,-2.2659284513623112,414000.0,77300.0,,,,,,,,,,,,,,,,False,True,True
018880,한온시스템,KOSPI,기계·장비,3850.0,39511.0,-14.98,1.05,-257.0,3671.0,-7.000817216017434,5940.0,2755.0,25.279054497701903,152.3,-292.6,111943.0,3922.0,1563.0,2.9000000000000004,45.1,2704.0,-1985.0,108837.0,2026.12E,2025.12,20260504,매수,False,True,True
084370,유진테크,KOSDAQ,기계·장비,171600.0,39324.0,92.61,8.42,1853.0,20368.0,9.097604084838963,231500.0,37900.0,46.03374735091343,3727.7000000000003,1906.0,4327.0,894.0,841.0,23.5,73.10000000000001,517.0,425.0,3503.0,2026.12E,2025.12,20260518,매수,False,True,True
088350,한화생명,KOSPI,보험,4470.0,38823.0,6.06,0.24,738.0,18466.0,3.996534170908697,7560.0,2930.0,,,,,,,,,,,,,,20260116,중립,False,True,True
069960,현대백화점,KOSPI,유통,179400.0,38687.0,19.55,0.85,9177.0,210969.0,4.349928188501629,222000.0,67900.0,13.944919898328008,12864.900000000001,9572.0,44719.0,4285.0,2747.0,5.7,13.4,3779.0,2077.0,42303.0,2026.12E,2025.12,20260625,매수,False,True,True
004020,현대제철,KOSPI,금속,28250.0,37698.0,-543.27,0.19,-52.0,147255.0,-0.03531289260126991,50400.0,25600.0,223.85103011093503,126.2,-88.0,229558.0,2770.0,166.0,-1.2000000000000002,73.60000000000001,1595.0,-116.0,232261.0,2025.12E,2024.12,20260319,매수,False,True,True
111770,영원무역,KOSPI,유통,84400.0,37399.0,7.6,0.88,11109.0,96154.0,11.553341514653576,103200.0,54900.0,,,,,,,,,,,,,,,,False,True,True
336260,두산퓨얼셀,KOSPI,전기·전자,56600.0,37069.0,-34.87,12.6,-1623.0,4491.0,-36.138944555778224,108900.0,21150.0,,,,,,,,,,,,,,,,False,True,True
214370,케어젠,KOSDAQ,제약,68500.0,36795.0,183.16,15.75,374.0,4348.0,8.601655933762649,153800.0,35050.0,,,,,,,,,,,,,,,,False,True,True
051900,LG생활건강,KOSPI,화학,245000.0,36690.0,-43.07,0.75,-5688.0,325224.0,-1.7489484170909897,346500.0,210000.0,17.120655196992356,14310.2,-5980.0,62935.0,3944.0,2356.0,-1.0,131.0,1707.0,-1001.0,63555.0,2026.12E,2025.12,20260622,중립,True,True,True
347850,디앤디파마텍,KOSDAQ,일반서비스,81700.0,36286.0,-149.36,44.74,-547.0,1826.0,-29.956188389923327,342500.0,57100.0,,,,,,,,,,,,,,,,False,True,True
103590,일진전기,KOSPI,전기·전자,75300.0,35907.0,34.56,6.1,2179.0,12347.0,17.648011662752086,147900.0,33500.0,23.0889522583019,3261.3,2179.0,23586.0,2231.0,1555.0,15.4,47.6,1512.0,1039.0,20446.0,2026.12E,2025.12,20260401,매수,False,True,True
214450,파마리서치,KOSDAQ,제약,341000.0,35429.0,24.0,5.72,14209.0,59603.0,23.839404056842774,713000.0,255000.0,17.095473960735553,19946.800000000003,15893.0,6499.0,2597.0,2072.0,21.200000000000003,21.1,2144.0,1651.0,5363.0,2026.12E,2025.12,20260630,매수,False,True,True
095340,ISC,KOSDAQ,유통,167000.0,35399.0,63.07,6.37,2648.0,26223.0,10.098005567631468,292500.0,55100.0,35.438417791358965,4712.400000000001,2743.0,3319.0,1123.0,988.0,50.7,87.0,601.0,561.0,2202.0,2026.12E,2025.12,20260427,매수,True,True,True
012510,더존비즈온,KOSPI,IT 서비스,120000.0,34949.0,40.91,5.68,2933.0,21123.0,13.88533825687639,156000.0,61900.0,,,,,,,,,,,,,,,,False,True,True
095610,테스,KOSDAQ,기계·장비,177300.0,34325.0,61.46,8.03,2885.0,22090.0,13.060208239022181,236500.0,23250.0,33.19789540696912,5340.700000000001,3244.0,4817.0,913.0,945.0,37.2,57.800000000000004,578.0,569.0,3511.0,2026.12E,2025.12,20260514,매수,False,True,True
108490,로보티즈,KOSDAQ,기계·장비,227500.0,33354.0,603.45,10.48,377.0,21707.0,1.7367669415395957,464000.0,65200.0,258.72853406118503,879.3000000000001,385.0,573.0,59.0,129.0,47.300000000000004,75.4,33.0,51.0,389.0,2026.12E,2025.12,20260615,매수,False,True,True
310210,보로노이,KOSDAQ,일반서비스,178900.0,32955.0,-77.01,31.36,-2323.0,5705.0,-40.71866783523225,375500.0,106600.0,,,,,,,,,,,,,,,,False,True,True
022100,포스코DX,KOSPI,일반서비스,21350.0,32459.0,62.24,5.69,343.0,3752.0,9.14179104477612,45600.0,19510.0,,,,,,,,,,,,,,,,False,True,True
178320,서진시스템,KOSDAQ,전기·전자,50900.0,32398.0,-28.28,3.88,-1800.0,13127.0,-13.712196236763921,83300.0,18410.0,,,,,,,,,,,,,,,,False,True,True
035250,강원랜드,KOSPI,오락·문화,14890.0,31856.0,10.01,0.75,1487.0,19841.0,7.494581926314198,20700.0,13920.0,,,,,,,,,,,,,,,,False,True,True
080220,제주반도체,KOSDAQ,전기·전자,91500.0,31515.0,79.77,13.57,1147.0,6742.0,17.012755858795607,138000.0,13380.0,,,,,,,,,,,,,,,,False,True,True
145020,휴젤,KOSDAQ,제약,255000.0,31375.0,22.47,2.9,11348.0,88011.0,12.893842815102657,380000.0,208500.0,17.0728441349759,14936.0,13061.0,5082.0,2079.0,1613.0,19.5,3.5,2009.0,1409.0,4251.0,2026.12E,2025.12,20260407,매수,False,True,True
251270,넷마블,KOSPI,IT 서비스,38200.0,31299.0,14.59,0.58,2618.0,66269.0,3.9505651209464454,69000.0,34450.0,8.065537772898104,4736.2,2746.0,29787.0,3896.0,3882.0,5.1000000000000005,10.5,3525.0,2250.0,28351.0,2026.12E,2025.12,20260507,매수,False,True,True
001450,현대해상,KOSPI,보험,36700.0,31286.0,3.22,0.56,11407.0,65772.0,17.343246366234872,44250.0,25500.0,,,,,,,,,,,,,,20260224,매수,False,True,True
031980,피에스케이홀딩스,KOSDAQ,기계·장비,143900.0,31028.0,33.84,6.13,4252.0,23484.0,18.105944472832565,173000.0,30200.0,24.11314241667644,5967.700000000001,4252.0,2924.0,1120.0,1287.0,40.800000000000004,52.6,734.0,917.0,2078.0,2026.12E,2025.12,20260518,매수,False,True,True
009420,한올바이오파마,KOSPI,제약,59300.0,30979.0,-559.43,18.62,-106.0,3184.0,-3.329145728643216,73000.0,25000.0,,,,,,,,,,,,,,,,False,True,True
036460,한국가스공사,KOSPI,전기·가스,33100.0,30556.0,22.97,0.27,1441.0,123774.0,1.1642186565837735,49350.0,31150.0,,,,,,,,,,,,,,,,False,True,True
226950,올릭스,KOSDAQ,일반서비스,149300.0,30341.0,-192.89,22.16,-774.0,6738.0,-11.487088156723063,217000.0,35000.0,,,,,,,,,,,,,,,,False,True,True
214150,클래시스,KOSDAQ,의료·정밀기기,46450.0,30302.0,23.06,5.47,2014.0,8487.0,23.730411217155652,77600.0,40150.0,18.983979074709822,2446.8,2017.0,4571.0,2060.0,1594.0,35.7,20.8,1706.0,1319.0,3368.0,2026.12E,2025.12,20260513,매수,False,True,True
383220,F&F,KOSPI,섬유·의류,79100.0,30301.0,7.6,1.58,10404.0,50123.0,20.75693793268559,89000.0,58000.0,,,,,,,,,,,,,,,,False,True,True
031210,서울보증보험,KOSPI,보험,43100.0,30093.0,11.21,0.58,3844.0,74331.0,5.171462781342912,64800.0,39650.0,,,,,,,,,,,,,,,,False,True,True
302440,SK바이오사이언스,KOSPI,제약,37700.0,29578.0,-51.43,1.65,-733.0,22806.0,-3.2140664737349818,61300.0,33850.0,-48.21588438419235,-781.9000000000001,-733.0,7154.0,-948.0,-613.0,9.8,-23.200000000000003,-1235.0,-574.0,6514.0,2026.12E,2025.12,20260507,중립,False,True,True
097950,CJ제일제당,KOSPI,음식료·담배,194400.0,29265.0,-5.57,0.44,-34884.0,440524.0,-7.918751305263731,270000.0,172600.0,8.167964269357949,23800.300000000003,-35668.0,288181.0,12708.0,3810.0,5.4,3.0,12336.0,-5715.0,273426.0,2026.12E,2025.12,20260605,매수,False,True,True
011780,금호석유화학,KOSPI,화학,115700.0,29107.0,11.75,0.47,9843.0,244373.0,4.0278590515318795,162300.0,102800.0,9.032922935192486,12808.7,11300.0,72087.0,2777.0,3178.0,4.2,2.1,2718.0,2909.0,69151.0,2026.12E,2025.12,20260508,매수,False,True,True
014680,한솔케미칼,KOSPI,화학,262500.0,28909.0,20.2,2.64,12993.0,99420.0,13.068799034399516,346500.0,158600.0,17.77251184834123,14770.0,13428.0,10015.0,1809.0,1610.0,13.3,15.8,1562.0,1473.0,8840.0,2026.12E,2025.12,20260629,매수,False,True,True
004800,효성,KOSPI,금융,172400.0,28860.0,8.75,1.18,19707.0,146168.0,13.482431175086202,318000.0,66700.0,,,,,,,,,,,,,,,,False,True,True
139130,iM금융지주,KOSPI,금융,17710.0,28447.0,6.57,0.46,2696.0,38725.0,6.961910910264687,22000.0,13050.0,,,,39686.0,7212.0,5220.0,4.3,23.700000000000003,5832.0,4439.0,38044.0,2026.12E,2025.12,20260429,중립,False,True,True
450080,에코프로머티,KOSPI,전기·전자,40050.0,28318.0,-64.81,3.79,-618.0,10577.0,-5.842866597333837,88800.0,37050.0,,,,,,,,,,,,,,,,False,True,True
017800,현대엘리베이터,KOSPI,기계·장비,72100.0,28186.0,10.76,1.93,6703.0,37450.0,17.89853137516689,113400.0,67000.0,,,,,,,,,,,,,,,,False,True,True
001720,신영증권,KOSPI,증권,171200.0,28145.0,25.91,0.75,6607.0,227883.0,2.899294813566611,272000.0,116900.0,,,,,,,,,,,,,,,,False,True,True
161890,한국콜마,KOSPI,화학,117800.0,27807.0,22.23,3.05,5299.0,38566.0,13.740081937457866,123000.0,60600.0,14.445125689760882,8155.0,5299.0,30961.0,3299.0,1925.0,13.700000000000001,37.7,2396.0,1251.0,27224.0,2026.12E,2025.12,20260622,매수,False,True,True
131290,티에스이,KOSDAQ,의료·정밀기기,251000.0,27764.0,72.63,7.1,3456.0,35375.0,9.769611307420496,282500.0,36150.0,,,,,,,,,,,,,,,,False,True,True
085620,미래에셋생명,KOSPI,보험,20500.0,27712.0,31.06,1.09,660.0,18762.0,3.517748640869843,37300.0,6340.0,,,,,,,,,,,,,,,,False,True,True
005850,에스엘,KOSPI,운송장비·부품,59600.0,27683.0,8.91,1.08,6692.0,55423.0,12.07440954116522,79500.0,31350.0,,,,,,,,,,,,,,,,False,True,True
012750,에스원,KOSPI,일반서비스,72300.0,27473.0,15.39,1.39,4699.0,51947.0,9.045758176603076,103000.0,66800.0,,,,,,,,,,,,,,,,False,True,True
064760,티씨케이,KOSDAQ,비금속,245000.0,27390.0,39.73,5.54,6167.0,44219.0,13.946493588728828,348500.0,90400.0,25.603511338697878,9569.0,6138.0,3977.0,1297.0,1069.0,32.0,54.6,839.0,699.0,3013.0,2026.12E,2025.12,20260629,매수,False,True,True
067310,하나마이크론,KOSDAQ,전기·전자,41050.0,27290.0,71.39,6.83,575.0,6007.0,9.572165806559015,58500.0,10400.0,13.204027147865805,3108.9,637.0,21954.0,3155.0,2065.0,43.1,147.1,1277.0,381.0,15344.0,2026.12E,2025.12,20260629,매수,True,True,True
237690,에스티팜,KOSDAQ,제약,130500.0,27239.0,48.23,4.55,2706.0,28666.0,9.439754412893322,172100.0,81900.0,,,,,,,,,,,,,,,,False,True,True
011170,롯데케미칼,KOSPI,화학,63500.0,27162.0,-1.33,0.21,-47624.0,298452.0,-15.957004811493974,119500.0,59600.0,-4.055331323762325,-15658.400000000001,-48311.0,195730.0,1327.0,-6603.0,5.9,-114.10000000000001,-9431.0,-20371.0,184830.0,2026.12E,2025.12,20260609,매수,False,True,True
483650,달바글로벌,KOSPI,화학,215500.0,26904.0,32.66,13.45,6599.0,16022.0,41.18711771314443,274500.0,116200.0,21.015983850362293,10254.1,6594.0,7741.0,,,,,,,5197.0,2026.12E,2025.12,20260513,매수,False,True,True
426030,TIME 미국나스닥100액티브,KOSPI,ETF(Active/수익증권),55200.0,26529.0,0.0,0.0,0.0,0.0,,62645.0,27860.0,,,,,,,,,,,,,,,,False,True,True
456600,TIME 글로벌AI인공지능액티브,KOSPI,ETF(Active/수익증권),67705.0,26446.0,0.0,0.0,0.0,0.0,,77300.0,28680.0,,,,,,,,,,,,,,,,False,True,True
028670,팬오션,KOSPI,운송·창고,4930.0,26354.0,8.74,0.46,564.0,10707.0,5.267581955729896,6600.0,3485.0,6.691096634093376,736.8000000000001,564.0,59791.0,5721.0,3939.0,10.100000000000001,16.3,4919.0,3014.0,54329.0,2026.12E,2025.12,20260608,매수,False,True,True
319400,현대무벡스,KOSDAQ,기계·장비,23250.0,25895.0,234.85,15.98,99.0,1455.0,6.804123711340206,50400.0,4310.0,,,,,,,,,,,,,,,,False,True,True
026960,동서,KOSPI,유통,25950.0,25872.0,17.86,1.49,1453.0,17452.0,8.325693330277332,32200.0,22350.0,,,,,,,,,,,,,,,,False,True,True
005290,동진쎄미켐,KOSDAQ,화학,50600.0,25791.0,26.26,2.4,1927.0,21091.0,9.136598549144184,72200.0,27950.0,,,,,,,,,,,,,,,,False,True,True
489790,한화비전,KOSPI,전기·전자,50900.0,25699.0,56.37,2.96,903.0,17188.0,5.253665347917152,97900.0,35650.0,,,,,,,,,,,,2023.12E,2023.12E,20260512,매수,False,True,True
089970,브이엠,KOSDAQ,기계·장비,101900.0,25243.0,100.1,14.93,1018.0,6824.0,14.917936694021103,122100.0,10300.0,,,,,,,,,,,,,,,,False,True,True
357780,솔브레인,KOSDAQ,화학,322500.0,25086.0,31.73,2.34,10164.0,137853.0,7.373071315096516,530000.0,176000.0,19.262126180365172,16742.7,10285.0,11073.0,1779.0,1282.0,19.900000000000002,33.1,1336.0,791.0,9234.0,2026.12E,2025.12,20260629,매수,False,True,True
081660,미스토홀딩스,KOSPI,유통,46850.0,24874.0,12.52,1.29,3743.0,36406.0,10.281272317749822,55800.0,35400.0,,,,,,,,,,,,,,,,False,True,True
375500,DL이앤씨,KOSPI,건설,64200.0,24841.0,7.44,0.51,8625.0,126050.0,6.8425228084093614,106600.0,38450.0,6.840484587599756,9385.300000000001,5413.0,74024.0,3870.0,3956.0,-11.0,42.800000000000004,2709.0,2292.0,83184.0,2025.12E,2024.12,20260409,매수,False,True,True
006360,GS건설,KOSPI,건설,28550.0,24434.0,26.12,0.51,1093.0,56462.0,1.9358152385675322,44850.0,17790.0,25.905090282188546,1102.1000000000001,2893.0,124504.0,6639.0,936.0,-3.2,132.20000000000002,2860.0,2456.0,128638.0,2025.12E,2024.12,20260409,매수,True,True,True
000240,한국앤컴퍼니,KOSPI,금융,25550.0,24256.0,6.98,0.51,3658.0,50477.0,7.246864908770331,36450.0,20100.0,,,,,,,,,,,,,,,,False,True,True
004990,롯데지주,KOSPI,금융,23850.0,23770.0,-3.89,0.3,-6125.0,79142.0,-7.739253493720148,39600.0,22550.0,,,,,,,,,,,,,,,,False,True,True
003690,코리안리,KOSPI,보험,13420.0,23716.0,8.12,0.64,1653.0,20843.0,7.930720145852324,15400.0,10010.0,,,,,,,,,,,,,,,,False,True,True
257720,실리콘투,KOSDAQ,유통,36100.0,23673.0,13.84,5.17,2609.0,6976.0,37.399655963302756,57100.0,29850.0,11.03401901152306,3271.7000000000003,2756.0,15933.0,2697.0,2098.0,42.7,31.3,2054.0,1686.0,11163.0,2026.12E,2025.12,20260513,매수,False,True,True
204320,HL만도,KOSPI,운송장비·부품,50400.0,23666.0,23.66,0.87,2130.0,57793.0,3.6855674562663294,79100.0,32150.0,14.593890256261764,3453.5,2130.4,97786.0,4090.0,1622.0,3.4000000000000004,14.5,3571.0,1000.0,94548.0,2026.12E,2025.12,20260429,중립,False,True,True
009970,영원무역홀딩스,KOSPI,금융,181800.0,23550.0,6.7,0.7,27133.0,259821.0,10.442958806255076,262000.0,116900.0,,,,,,,,,,,,,,,,False,True,True
005440,현대지에프홀딩스,KOSPI,금융,14880.0,23199.0,5.63,0.58,2643.0,25658.0,10.300880816899213,19790.0,7150.0,,,,,,,,,,,,,,,,False,True,True
139480,이마트,KOSPI,유통,83500.0,23043.0,16.97,0.2,4921.0,410591.0,1.198516285062264,136400.0,70300.0,7.500089821434987,11133.2,5084.0,287530.0,5533.0,2982.0,-0.8,71.60000000000001,3225.0,1362.0,289704.0,2026.12E,2025.12,20260514,매수,False,True,True
279570,케이뱅크,KOSPI,금융,5630.0,22841.0,0.0,0.0,0.0,0.0,,9880.0,5210.0,,,,8741.0,165.0,128.0,67.5,-82.10000000000001,165.0,128.0,8741.0,2023.12E,2023.12E,20260502,중립,False,True,True
263750,펄어비스,KOSDAQ,IT 서비스,36300.0,22812.0,-277.1,2.79,-131.0,13011.0,-1.0068403658442855,77400.0,29000.0,25.88419851682829,1402.4,982.0,4562.0,670.0,861.0,33.2,-644.8000000000001,-123.0,603.0,3424.0,2025.12E,2024.12,20250422,중립,False,True,True
007340,DN오토모티브,KOSPI,전기·전자,38450.0,22497.0,8.0,0.99,4809.0,38780.0,12.40072202166065,54200.0,21550.0,,,,,,,,,,,,,,,,False,True,True
290650,엘앤씨바이오,KOSDAQ,제약,83100.0,22412.0,-14.37,10.22,-5781.0,8128.0,-71.12450787401575,125000.0,27300.0,,,,,,,,,,,,,,,,False,True,True
071970,HD현대마린엔진,KOSPI,기계·장비,65500.0,22219.0,13.46,4.54,4867.0,14413.0,33.76812599736349,118200.0,41100.0,,,,,,,,,,,,,,,,False,True,True
294400,KIWOOM 200TR,KOSPI,ETF(실물복제/수익증권),171525.0,21784.0,0.0,0.0,0.0,0.0,,199460.0,53310.0,,,,,,,,,,,,,,,,False,True,True
008930,한미사이언스,KOSPI,금융,31800.0,21749.0,18.37,2.24,1731.0,14205.0,12.185850052798312,55500.0,25600.0,,,,,,,,,,,,,,,,False,True,True
030000,제일기획,KOSPI,일반서비스,18890.0,21731.0,10.47,1.22,1804.0,15525.0,11.619967793880837,23300.0,17760.0,,,,,,,,,,,,,,,,False,True,True
004370,농심,KOSPI,음식료·담배,354500.0,21563.0,12.67,0.73,27970.0,485193.0,5.764716308767851,579000.0,319000.0,10.921436515491802,32459.100000000002,29342.0,37146.0,2116.0,1877.0,5.7,15.0,1839.0,1701.0,35143.0,2026.12E,2025.12,20260605,중립,False,True,True
281820,케이씨텍,KOSPI,의료·정밀기기,108600.0,21501.0,42.13,4.04,2578.0,26877.0,9.591844327863972,124800.0,26000.0,,,,,,,,,,,,,,,,False,True,True
282330,BGF리테일,KOSPI,유통,124300.0,21484.0,11.0,1.64,11297.0,76009.0,14.862713626017971,147800.0,101200.0,8.907903883502103,13953.900000000001,11303.0,95190.0,3116.0,2411.0,5.1000000000000005,22.700000000000003,2539.0,1953.0,90612.0,2026.12E,2025.12,20260619,매수,False,True,True
420770,기가비스,KOSDAQ,기계·장비,167000.0,21169.0,137.0,10.03,1219.0,16646.0,7.323080619968761,206000.0,23250.0,,,,,,,,,,,,,,,,False,True,True
007070,GS리테일,KOSPI,유통,25000.0,20902.0,48.17,0.64,519.0,39303.0,1.3205098847416228,29950.0,15610.0,9.695183432870548,2578.6000000000004,520.0,124707.0,3478.0,2155.0,4.3,19.1,2921.0,434.0,119574.0,2026.12E,2025.12,20260508,매수,False,True,True
020150,롯데에너지머티리얼즈,KOSPI,전기·전자,39750.0,20815.0,-12.97,1.26,-3065.0,31623.0,-9.692312557315878,83100.0,21600.0,-65.41056442323514,-607.7,-3065.0,10227.0,-477.0,-318.0,50.900000000000006,-67.2,-1452.0,-1575.0,6775.0,2026.12E,2025.12,20260512,매수,False,True,True
131970,두산테스나,KOSDAQ,일반서비스,107500.0,20777.0,56.49,4.73,1903.0,22749.0,8.365202866060047,196900.0,25650.0,48.76610415532571,2204.4,78.0,3507.0,547.0,424.0,15.4,-5919.1,-9.0,15.0,3039.0,2026.12E,2025.12,20260629,매수,False,True,True
457190,이수스페셜티케미컬,KOSPI,화학,68200.0,20609.0,2728.0,15.51,25.0,4398.0,0.5684402000909504,131800.0,40350.0,,,,,,,,,,,,,,,,False,True,True
098460,고영,KOSDAQ,기계·장비,30100.0,20529.0,140.0,5.93,215.0,5079.0,4.233116755266784,45000.0,13550.0,41.892832289492,718.5,224.0,2970.0,404.0,474.0,27.700000000000003,132.9,173.0,148.0,2326.0,2026.12E,2025.12,20260615,매수,True,True,True
462870,시프트업,KOSPI,IT 서비스,34950.0,20500.0,10.72,2.2,3261.0,15882.0,20.532678503966757,46850.0,27500.0,10.57232742452659,3305.8,2734.0,2942.0,1811.0,1911.0,31.3,18.6,1527.0,1480.0,2241.0,2025.12E,2024.12,20260212,매수,False,True,True
051600,한전KPS,KOSPI,건설,45200.0,20340.0,16.37,1.51,2761.0,29906.0,9.23226108473216,69000.0,42350.0,12.120562050842002,3729.2000000000003,2761.0,16574.0,1958.0,1678.0,5.1000000000000005,39.7,1401.0,1242.0,15765.0,2026.12E,2025.12,20260401,매수,False,True,True
018670,SK가스,KOSPI,유통,218500.0,20227.0,8.58,0.67,25453.0,325701.0,7.814836306919537,302000.0,198600.0,,,,,,,,,,,,,,,,False,True,True
008770,호텔신라,KOSPI,유통,50900.0,19977.0,-11.78,1.74,-4321.0,29223.0,-14.786298463538994,70300.0,39700.0,15.130796670630202,3364.0,-4566.0,42872.0,2077.0,1273.0,5.4,1436.9,135.0,-1728.0,40683.0,2026.12E,2025.12,20260522,매수,True,True,True
439260,대한조선,KOSPI,운송장비·부품,52300.0,19920.0,7.15,1.84,7310.0,28354.0,25.78119489313677,116000.0,48800.0,,,,,,,,,,,,,,,,False,True,True
032820,우리기술,KOSDAQ,전기·전자,11570.0,19855.0,2314.0,15.32,5.0,755.0,0.6622516556291391,30200.0,3155.0,,,,,,,,,,,,,,,,False,True,True
007810,코리아써키트,KOSPI,전기·전자,80200.0,19234.0,46.47,4.99,1726.0,16070.0,10.74051026757934,148300.0,11050.0,,,,,,,,,,,,,,,,False,True,True
192820,코스맥스,KOSPI,화학,168300.0,19101.0,15.52,3.42,10843.0,49196.0,22.040409789413772,270000.0,141000.0,24.06417112299465,6993.8,7562.0,23988.0,1958.0,793.0,10.700000000000001,11.600000000000001,1754.0,858.0,21661.0,2025.12E,2024.12,20260506,매수,False,True,True
001740,SK네트웍스,KOSPI,유통,9500.0,19056.0,42.22,0.91,225.0,10430.0,2.1572387344199426,16240.0,4275.0,,,,,,,,,,,,,,,,False,True,True
010170,대한광통신,KOSDAQ,전기·전자,12240.0,19031.0,-50.58,24.93,-242.0,491.0,-49.287169042769854,31500.0,884.0,,,,,,,,,,,,,,,,False,True,True
035900,JYP Ent.,KOSDAQ,오락·문화,53200.0,18903.0,11.77,2.84,4519.0,18730.0,24.127068873465028,88500.0,46950.0,11.666410824324027,4560.1,4846.0,9350.0,1837.0,1511.0,13.8,18.3,1552.0,1606.0,8219.0,2026.12E,2025.12,20260514,매수,False,True,True
103140,풍산,KOSPI,금속,66800.0,18720.0,12.72,0.79,5251.0,84137.0,6.241011683326004,172200.0,61400.0,7.030320889946009,9501.7,5388.0,68140.0,3900.0,2595.0,35.0,31.1,2974.0,1472.0,50486.0,2026.12E,2025.12,20260415,매수,False,True,True
068760,셀트리온제약,KOSDAQ,제약,41900.0,18605.0,0.0,0.0,0.0,0.0,,78300.0,38950.0,,,,,,,,,,,,,,,,False,True,True
002790,아모레퍼시픽홀딩스,KOSPI,화학,24000.0,18350.0,18.06,0.62,1329.0,38797.0,3.425522591952986,35950.0,19950.0,,,,,,,,,,,,,,,,False,True,True
140860,파크시스템스,KOSDAQ,의료·정밀기기,260000.0,18206.0,52.73,8.03,4931.0,32386.0,15.225714815043537,350500.0,205000.0,,,,,,,,,,,,,,,,False,True,True
140410,메지온,KOSDAQ,일반서비스,59900.0,18205.0,-51.64,105.83,-1160.0,566.0,-204.94699646643107,179900.0,35850.0,,,,,,,,,,,,,,,,False,True,True
120110,코오롱인더,KOSPI,화학,59400.0,17788.0,46.99,0.46,1264.0,129709.0,0.9744890485625516,104900.0,33750.0,,,,,,,,,,,,,,,,False,True,True
112610,씨에스윈드,KOSPI,금속,42100.0,17754.0,51.15,1.51,823.0,27826.0,2.957665492704665,79400.0,37550.0,,,,,,,,,,,,,,,,False,True,True
097230,HJ중공업,KOSPI,건설,19450.0,17562.0,32.15,2.62,605.0,7416.0,8.158036677454152,34350.0,6950.0,,,,,,,,,,,,,,,,False,True,True
000120,CJ대한통운,KOSPI,운송·창고,76600.0,17474.0,7.22,0.37,10612.0,207860.0,5.105359376503415,154000.0,69500.0,5.808398671499416,13187.800000000001,11347.0,131389.0,5346.0,2630.0,7.0,5.2,5081.0,2421.0,122847.0,2026.12E,2025.12,20260526,매수,False,True,True
011210,현대위아,KOSPI,운송장비·부품,64100.0,17432.0,17.61,0.47,3641.0,135750.0,2.6821362799263353,112600.0,46000.0,9.563167631437608,6702.8,5484.3,88961.0,2302.0,1795.0,4.9,12.600000000000001,2044.0,990.0,84816.0,2026.12E,2025.12,20260409,중립,False,True,True
041510,에스엠,KOSDAQ,오락·문화,75800.0,17354.0,5.01,1.73,15126.0,43793.0,34.539766629369986,155100.0,65600.0,13.364835319839198,5671.6,15166.0,12558.0,1980.0,1298.0,6.9,8.200000000000001,1830.0,3472.0,11749.0,2026.12E,2025.12,20260506,매수,False,True,True
089030,테크윙,KOSDAQ,기계·장비,46600.0,17267.0,184.92,7.74,252.0,6018.0,4.187437686939183,74000.0,26050.0,,,,,,,,,,,,,,,,False,True,True
058610,에스피지,KOSDAQ,전기·전자,76700.0,17010.0,186.17,6.59,412.0,11633.0,3.5416487578440647,165700.0,22500.0,,,,,,,,,,,,,,,,False,True,True
082920,비츠로셀,KOSDAQ,전기·전자,37000.0,16776.0,29.46,5.03,1256.0,7355.0,17.07681849082257,67800.0,16420.0,,,,,,,,,,,,,,,,False,True,True
083650,비에이치아이,KOSDAQ,기계·장비,53900.0,16679.0,25.58,9.39,2107.0,5739.0,36.713713190451294,114200.0,34550.0,,,,,,,,,,,,,,,,False,True,True
475150,SK이터닉스,KOSPI,건설,47750.0,16267.0,52.47,5.9,910.0,8095.0,11.241507103150093,69300.0,17210.0,,,,,,,,,,,,,,,,False,True,True
183300,코미코,KOSDAQ,기계·장비,78700.0,16169.0,32.43,5.87,2427.0,13402.0,18.109237427249663,191600.0,59200.0,,,,,,,,,,,,,,,,False,True,True
229640,LS에코에너지,KOSPI,금융,52600.0,16109.0,38.28,7.63,1374.0,6898.0,19.918817048419832,109800.0,31100.0,,,,,,,,,,,,,,,,False,True,True
023590,다우기술,KOSPI,IT 서비스,37200.0,16103.0,3.3,0.47,11260.0,79869.0,14.098085615194881,62300.0,30400.0,,,,,,,,,,,,,,,,False,True,True
020560,아시아나항공,KOSPI,운송·창고,7730.0,15923.0,-5.63,2.13,-1374.0,3623.0,-37.9243720673475,10280.0,6560.0,-10.189823358818877,-758.6,-6052.0,72735.0,-2637.0,-1562.0,-12.600000000000001,-195.70000000000002,2757.0,-4192.0,83186.0,2025.12E,2024.12,20251127,중립,False,True,True
001800,오리온홀딩스,KOSPI,금융,25250.0,15818.0,13.08,0.62,1931.0,40953.0,4.71516128244573,29950.0,18360.0,,,,,,,,,,,,,,,,False,True,True
043260,성호전자,KOSDAQ,전기·전자,22100.0,15814.0,16.48,6.25,1341.0,3536.0,37.92420814479638,59600.0,1021.0,,,,,,,,,,,,,,,,False,True,True
093370,후성,KOSPI,화학,14490.0,15541.0,289.8,4.65,50.0,3118.0,1.603592046183451,23550.0,4550.0,,,,,,,,,,,,,,,,False,True,True
069620,대웅제약,KOSPI,제약,132500.0,15352.0,7.84,1.52,16904.0,87439.0,19.33233454179485,199400.0,105000.0,9.877224239081007,13414.7,14449.0,15433.0,2245.0,1544.0,10.9,10.3,2036.0,1663.0,13910.0,2026.12E,2025.12,20260407,매수,False,True,True
218410,RFHIC,KOSDAQ,전기·전자,57800.0,15348.0,53.42,4.32,1082.0,13376.0,8.089114832535884,126900.0,23000.0,32.44456918327252,1781.5,1131.0,2582.0,566.0,452.0,38.900000000000006,83.10000000000001,309.0,287.0,1858.0,2026.12E,2025.12,20260504,매수,True,True,True
007390,네이처셀,KOSDAQ,제약,23800.0,15336.0,-540.91,24.34,-44.0,978.0,-4.4989775051124745,39350.0,16550.0,,,,,,,,,,,,,,,,False,True,True
096530,씨젠,KOSDAQ,제약,29350.0,15328.0,31.76,1.33,924.0,22020.0,4.1961852861035425,33350.0,21700.0,,,,,,,,,,,,,,,,False,True,True
006040,동원산업,KOSPI,금융,33650.0,14853.0,3.83,0.42,8795.0,79927.0,11.003790959250317,53400.0,29850.0,3.934890138802811,8551.7,8793.0,100551.0,5666.0,3775.0,4.9,9.8,5161.0,3670.0,95837.0,2026.12E,2025.12,20260605,매수,False,True,True
030530,원익홀딩스,KOSDAQ,화학,19020.0,14691.0,53.58,1.45,355.0,13088.0,2.712408312958435,50600.0,5590.0,,,,,,,,,,,,,,,,False,True,True
001120,LX인터내셔널,KOSPI,유통,37800.0,14651.0,10.33,0.49,3659.0,77069.0,4.747693625193008,57700.0,28450.0,,,,,,,,,,,,,,,,False,True,True
003540,대신증권,KOSPI,증권,29300.0,14421.0,14.33,0.54,2044.0,54154.0,3.774421095394615,51400.0,23450.0,,,,,,,,,,,,,,,,False,True,True
006280,녹십자,KOSPI,제약,122800.0,14351.0,-307.0,1.15,-400.0,106673.0,-0.374977735696943,183800.0,115900.0,33.08635322645831,3711.5,-410.0,20917.0,725.0,424.0,5.0,4.9,691.0,-47.0,19913.0,2026.12E,2025.12,20260511,매수,False,True,True
060370,LS마린솔루션,KOSDAQ,건설,27300.0,14261.0,138.58,2.21,197.0,12341.0,1.5963049995948466,51600.0,21650.0,,,,,,,,,,,,,,,,False,True,True
322000,HD현대에너지솔루션,KOSPI,전기·전자,126700.0,14190.0,34.05,3.4,3721.0,37302.0,9.975336443086162,256000.0,41300.0,,,,,,,,,,,,,,,,False,True,True
078600,대주전자재료,KOSDAQ,전기·전자,89000.0,13977.0,66.67,5.31,1335.0,16760.0,7.965393794749404,183300.0,58900.0,63.694267515923556,1397.3000000000002,2477.0,2510.0,230.0,209.0,14.5,-21.8,294.0,369.0,2193.0,2025.12E,2024.12,20251117,매수,False,True,True
192080,더블유게임즈,KOSPI,IT 서비스,65200.0,13805.0,10.68,1.06,6106.0,61507.0,9.927325345082673,76500.0,47000.0,,,,,,,,,,,,,,,,False,True,True
458870,씨어스,KOSDAQ,의료·정밀기기,36250.0,13797.0,85.29,34.82,425.0,1041.0,40.82612872238233,192600.0,26050.0,,,,,,,,,,,,,,,,False,True,True
073240,금호타이어,KOSPI,화학,4740.0,13616.0,3.92,0.67,1209.0,7065.0,17.112526539278132,7650.0,4220.0,3.5215453194650816,1346.0,1209.3,49238.0,5762.0,3866.0,4.7,0.1,5759.0,3474.0,47013.0,2026.12E,2025.12,20260507,매수,False,True,True
017960,한국카본,KOSPI,금속,25950.0,13410.0,13.24,2.25,1960.0,11519.0,17.01536591718031,54100.0,22200.0,12.293334596617555,2110.9,2043.0,9824.0,1758.0,1082.0,8.1,34.2,1310.0,1017.0,9088.0,2026.12E,2025.12,20260602,매수,False,True,True
039200,오스코텍,KOSDAQ,제약,34700.0,13276.0,25.37,7.32,1368.0,4739.0,28.86684954631779,66000.0,29200.0,,,,,,,,,,,,,,,,False,True,True
005070,코스모신소재,KOSPI,화학,39250.0,13037.0,72.28,2.57,543.0,15248.0,3.56112277019937,66400.0,33550.0,,,,,,,,,,,,,,,,False,True,True
361610,SK아이이테크놀로지,KOSPI,전기·전자,15760.0,12890.0,-5.63,0.5,-2799.0,31808.0,-8.799673038229376,35100.0,14200.0,,,,,,,,,,,,,,,,False,True,True
347700,스피어,KOSDAQ,IT 서비스,24900.0,12836.0,4980.0,16.78,5.0,1484.0,0.3369272237196766,57300.0,7050.0,229.07083716651334,108.7,5.0,2875.0,202.0,52.0,200.70000000000002,122.7,91.0,2.0,956.0,2026.12E,2025.12,20260612,매수,True,True,True
007310,오뚜기,KOSPI,음식료·담배,319000.0,12785.0,18.47,0.53,17271.0,603102.0,2.863694698409224,470000.0,290500.0,,,,,,,,,,,,,,,,False,True,True
012630,HDC,KOSPI,금융,21350.0,12755.0,4.24,0.36,5038.0,59006.0,8.538114767989697,30650.0,15850.0,,,,,,,,,,,,,,,,False,True,True
127120,제이에스링크,KOSDAQ,일반서비스,36450.0,12663.0,-60.65,16.98,-601.0,2147.0,-27.992547741034002,49900.0,10340.0,,,,,,,,,,,,,,,,False,True,True
001820,삼화콘덴서,KOSPI,전기·전자,119300.0,12401.0,98.92,4.47,1206.0,26701.0,4.516684768360736,196800.0,24950.0,,,,,,,,,,,,,,,,False,True,True
294870,IPARK현대산업개발,KOSPI,건설,18450.0,12160.0,7.69,0.36,2400.0,50672.0,4.7363435427849705,25050.0,17330.0,,,,,,,,,,,,,,,,False,True,True
032350,롯데관광개발,KOSPI,일반서비스,15200.0,12118.0,42.7,3.25,356.0,4677.0,7.611716912550781,27700.0,14080.0,,,,,,,,,,,,,,,,False,True,True
298020,효성티앤씨,KOSPI,화학,277500.0,12009.0,111.04,0.76,2499.0,364612.0,0.6853861090693669,557000.0,199000.0,,,,,,,,,,,,,,,,False,True,True
195940,HK이노엔,KOSDAQ,제약,42150.0,11941.0,19.39,0.95,2174.0,44172.0,4.921669836095264,58600.0,37300.0,11.296028300369834,3731.4,2672.0,11429.0,1395.0,1057.0,7.5,25.900000000000002,1109.0,757.0,10632.0,2026.12E,2025.12,20260429,매수,False,True,True
003570,SNT다이내믹스,KOSPI,운송장비·부품,35750.0,11888.0,19.3,0.97,1852.0,36680.0,5.04907306434024,76400.0,33300.0,,,,,,,,,,,,,,,,False,True,True
034230,파라다이스,KOSPI,오락·문화,12820.0,11875.0,12.5,0.65,1026.0,19694.0,5.209708540672286,24000.0,12220.0,,,,,,,,,,,,,,,,False,True,True
030610,교보증권,KOSPI,증권,10350.0,11795.0,8.25,0.55,1254.0,18773.0,6.6798061045117985,18220.0,8130.0,,,,,,,,,,,,,,,,False,True,True
181710,NHN,KOSPI,IT 서비스,35650.0,11676.0,37.37,0.75,954.0,47466.0,2.009859689040576,64900.0,24650.0,6.712357138822465,5311.1,1023.0,29354.0,1744.0,1637.0,16.7,31.700000000000003,1324.0,321.0,25162.0,2026.12E,2025.12,20260512,매수,False,True,True
082640,동양생명,KOSPI,보험,7460.0,11642.0,9.66,0.75,772.0,9925.0,7.778337531486146,9380.0,6040.0,,,,,,,,,,,,,,,,False,True,True
004000,롯데정밀화학,KOSPI,화학,44800.0,11558.0,10.89,0.47,4112.0,95632.0,4.299815961184541,71800.0,39800.0,6.318669694362562,7090.1,4165.0,19872.0,1494.0,1806.0,13.4,101.0,744.0,1061.0,17527.0,2026.12E,2025.12,20260521,매수,True,True,True
001430,세아베스틸지주,KOSPI,금속,32100.0,11512.0,20.49,0.59,1567.0,54192.0,2.8915707115441394,92500.0,23050.0,,,,,,,,,,,,,,,,False,True,True
323280,태성,KOSDAQ,기계·장비,37400.0,11421.0,-440.0,8.91,-85.0,4199.0,-2.0242914979757085,94000.0,23000.0,,,,,,,,,,,,,,,,False,True,True
166090,하나머티리얼즈,KOSDAQ,전기·전자,57700.0,11412.0,29.74,2.4,1940.0,24038.0,8.07055495465513,87900.0,23450.0,,,,,,,,,,,,,,,,False,True,True
077970,STX엔진,KOSPI,기계·장비,28250.0,11342.0,15.27,3.31,1850.0,8545.0,21.650087770626097,67700.0,19910.0,14.996284106593055,1883.8000000000002,1793.0,9089.0,856.0,756.0,15.100000000000001,22.900000000000002,696.0,689.0,7893.0,2026.12E,2025.12,20260522,매수,False,True,True
475830,오름테라퓨틱,KOSDAQ,제약,52200.0,11338.0,-25.89,8.47,-2016.0,6165.0,-32.7007299270073,146600.0,18020.0,,,,,,,,,,,,,,,,False,True,True
003380,하림지주,KOSDAQ,금융,9910.0,11100.0,4.83,0.3,2051.0,32613.0,6.288903198111183,19610.0,7060.0,,,,,,,,,,,,,,,,False,True,True
437730,삼현,KOSDAQ,운송장비·부품,34950.0,11082.0,106.55,8.39,328.0,4168.0,7.869481765834934,76900.0,11000.0,,,,,,,,,,,,,,,,False,True,True
031330,에스에이엠티,KOSDAQ,유통,11080.0,11079.0,14.62,2.22,758.0,4983.0,15.211719847481437,19950.0,2860.0,,,,,,,,,,,,,,,,False,True,True
089860,롯데렌탈,KOSPI,일반서비스,30300.0,11002.0,8.62,0.7,3514.0,43125.0,8.148405797101448,35800.0,26650.0,,,,,,,,,,,,,,,,False,True,True
003530,한화투자증권,KOSPI,증권,4960.0,10642.0,10.67,0.52,465.0,9484.0,4.9029945170814,10300.0,4500.0,,,,,,,,,,,,,,,,False,True,True
101490,에스앤에스텍,KOSDAQ,전기·전자,49750.0,10614.0,18.3,3.42,2718.0,14549.0,18.681696336517977,108400.0,42400.0,,,,,,,,,,,,,,,,False,True,True
000080,하이트진로,KOSPI,음식료·담배,15050.0,10555.0,25.86,0.94,582.0,16066.0,3.6225569525706462,22200.0,13830.0,,,,,,,,,,,,,,,,False,True,True
057050,현대홈쇼핑,KOSPI,유통,87300.0,10476.0,10.58,0.42,8251.0,210031.0,3.9284677023867904,96300.0,50000.0,,,,,,,,,,,,,,,,False,True,True
300720,한일시멘트,KOSPI,비금속,14120.0,10385.0,13.31,0.56,1061.0,25406.0,4.176178855388491,21900.0,12710.0,,,,,,,,,,,,,,,,False,True,True
003090,대웅,KOSPI,제약,17770.0,10332.0,5.9,0.63,3011.0,28372.0,10.61257577893698,30600.0,15650.0,,,,,,,,,,,,,,,,False,True,True
195870,해성디에스,KOSPI,전기·전자,60700.0,10319.0,43.33,1.83,1401.0,33198.0,4.220133742996566,108500.0,21650.0,,,,,,,,,,,,,,,,False,True,True
006340,대원전선,KOSPI,전기·전자,13050.0,10233.0,115.49,8.55,113.0,1527.0,7.400130975769483,20300.0,2765.0,,,,,,,,,,,,,,,,False,True,True
479080,1Q 머니마켓액티브,KOSPI,ETF(Active/수익증권),53455.0,10110.0,0.0,0.0,0.0,0.0,,53460.0,52385.0,,,,,,,,,,,,,,,,False,True,True
232140,와이씨,KOSDAQ,기계·장비,12050.0,9886.0,51.28,2.68,235.0,4490.0,5.233853006681515,24150.0,9860.0,27.618611047444418,436.3,239.0,3586.0,545.0,358.0,31.5,220.8,170.0,193.0,2726.0,2026.12E,2025.12,20260520,매수,True,True,True
417200,LS머트리얼즈,KOSDAQ,전기·전자,14390.0,9735.0,2398.33,5.26,6.0,2736.0,0.21929824561403508,32725.0,9160.0,,,,,,,,,,,,,,,,False,True,True
085660,차바이오텍,KOSDAQ,제약,10460.0,9725.0,-6.82,2.8,-1533.0,3732.0,-41.07717041800643,23950.0,10140.0,,,,,,,,,,,,,,,,False,True,True
003240,태광산업,KOSPI,화학,868000.0,9664.0,11.96,0.19,72592.0,4669556.0,1.5545803498234094,1634000.0,708000.0,,,,,,,,,,,,,,,,False,True,True
000210,DL,KOSPI,화학,46100.0,9661.0,-11.86,0.26,-3887.0,177828.0,-2.185820005848348,77700.0,33900.0,,,,,,,,,,,,,,,,False,True,True
100790,미래에셋벤처투자,KOSDAQ,금융,18110.0,9620.0,31.12,2.54,582.0,7122.0,8.171861836562764,70700.0,5900.0,,,,,,,,,,,,,,,,False,True,True
204270,제이앤티씨,KOSDAQ,전기·전자,16590.0,9597.0,-10.48,3.83,-1583.0,4333.0,-36.533579506115856,30100.0,14490.0,,,,,,,,,,,,,,,,False,True,True
100090,SK오션플랜트,KOSPI,금속,15320.0,9572.0,24.51,1.18,625.0,13037.0,4.794047710362814,31600.0,13930.0,,,,,,,,,,,,,,,,False,True,True
185750,종근당,KOSPI,제약,69000.0,9524.0,12.29,0.91,5615.0,76180.0,7.370700971383565,106800.0,63000.0,,,,,,,,,,,,,,,,False,True,True
280360,롯데웰푸드,KOSPI,음식료·담배,102000.0,9389.0,13.19,0.41,7734.0,247808.0,3.120964617768595,136400.0,90000.0,7.258236675442966,14053.0,8176.0,43859.0,1914.0,1233.0,4.0,74.8,1095.0,723.0,42160.0,2026.12E,2025.12,20260605,매수,False,True,True
099320,쎄트렉아이,KOSDAQ,운송장비·부품,85700.0,9385.0,61.39,3.77,1396.0,22735.0,6.140312293820101,224000.0,44200.0,,,,,,,,,,,,,,,,False,True,True
005300,롯데칠성,KOSPI,음식료·담배,100200.0,9297.0,21.33,0.66,4697.0,151359.0,3.1032181766528586,154800.0,93900.0,10.225428865916257,9799.1,4697.0,41072.0,2078.0,985.0,3.4000000000000004,24.3,1672.0,472.0,39711.0,2026.12E,2025.12,20260605,매수,False,True,True
009450,경동나비엔,KOSPI,전기·전자,63200.0,9207.0,10.26,1.19,6157.0,53311.0,11.549211232203485,95100.0,53000.0,,,,,,,,,,,,,,,,False,True,True
441800,TIME Korea플러스배당액티브,KOSPI,ETF(Active/수익증권),34070.0,9192.0,0.0,0.0,0.0,0.0,,38470.0,15205.0,,,,,,,,,,,,,,,,False,True,True
192400,쿠쿠홀딩스,KOSPI,금융,25700.0,9139.0,6.28,0.6,4094.0,42527.0,9.626825310978909,35900.0,23300.0,,,,,,,,,,,,,,,,False,True,True
069660,KIWOOM 200,KOSPI,ETF(실물복제/수익증권),130420.0,9129.0,0.0,0.0,0.0,0.0,,152090.0,41135.0,,,,,,,,,,,,,,,,False,True,True
083450,GST,KOSDAQ,기계·장비,49450.0,9114.0,20.13,2.94,2457.0,16848.0,14.583333333333334,70800.0,18110.0,,,,,,,,,,,,,,,,False,True,True
086450,동국제약,KOSDAQ,제약,20100.0,9091.0,13.77,1.37,1460.0,14714.0,9.922522767432378,31250.0,16260.0,,,,,,,,,,,,,,,,False,True,True
038500,삼표시멘트,KOSDAQ,비금속,8420.0,9087.0,22.28,1.15,378.0,7323.0,5.161818926669398,23500.0,2890.0,,,,,,,,,,,,,,,,False,True,True
281740,레이크머티리얼즈,KOSDAQ,화학,13790.0,9064.0,117.86,6.73,117.0,2049.0,5.710102489019034,28700.0,11640.0,,,,,,,,,,,,,,,,False,True,True
003470,유안타증권,KOSPI,증권,4660.0,8979.0,10.36,0.5,450.0,9275.0,4.8517520215633425,8400.0,3265.0,,,,,,,,,,,,,,,,False,True,True
036540,SFA반도체,KOSDAQ,전기·전자,5400.0,8881.0,-46.55,1.87,-116.0,2884.0,-4.0221914008321775,11640.0,3050.0,68.44106463878326,78.9,-116.0,5005.0,100.0,129.0,36.2,-150.8,-196.0,-190.0,3674.0,2026.12E,2025.12,20260629,매수,False,True,True
090710,휴림로봇,KOSDAQ,기계·장비,7390.0,8835.0,-49.93,6.92,-148.0,1068.0,-13.857677902621724,26600.0,2320.0,,,,,,,,,,,,,,,,False,True,True
241710,코스메카코리아,KOSDAQ,화학,82200.0,8779.0,19.32,3.47,4255.0,23663.0,17.98165913028779,106400.0,54300.0,,,,,,,,,,,,,,,,False,True,True
491000,리브스메드,KOSDAQ,의료·정밀기기,34250.0,8564.0,-33.41,4.67,-1025.0,7328.0,-13.98744541484716,95900.0,31550.0,,,,,,,,,,,,,,,,False,True,True
006120,SK디스커버리,KOSPI,금융,48950.0,8524.0,7.47,0.31,6549.0,158509.0,4.13162659533528,68300.0,42750.0,,,,,,,,,,,,,,,,False,True,True
293490,카카오게임즈,KOSDAQ,IT 서비스,7850.0,8419.0,-6.62,0.59,-1186.0,13314.0,-8.907916478894396,18830.0,6780.0,-6.562996404982861,-1196.1000000000001,-1332.0,4650.0,-396.0,-999.0,-25.900000000000002,-306.8,191.0,-1089.0,6272.0,2025.12E,2024.12,20260211,중립,False,True,True
019210,와이지-원,KOSDAQ,금속,22600.0,8406.0,33.24,1.97,680.0,11486.0,5.920250740031342,25300.0,4900.0,,,,,,,,,,,,,,,,False,True,True
033100,제룡전기,KOSDAQ,전기·전자,52100.0,8369.0,0.0,0.0,0.0,0.0,,93800.0,31850.0,,,,,,,,,,,,,,,,False,True,True
137400,피엔티,KOSDAQ,기계·장비,35200.0,8339.0,12.18,1.28,2890.0,27402.0,10.546675425151449,62000.0,30900.0,,,,,,,,,,,,,,,,False,True,True
030190,NICE평가정보,KOSPI,IT 서비스,14120.0,8318.0,10.87,1.78,1299.0,7931.0,16.378766864203758,18500.0,13010.0,,,,,,,,,,,,,,,,False,True,True
056190,SFA,KOSDAQ,기계·장비,23100.0,8295.0,15.06,0.72,1534.0,32160.0,4.769900497512438,36500.0,20175.0,,,,,,,,,,,,,,,,False,True,True
456040,OCI,KOSPI,화학,92400.0,8272.0,-13.21,0.73,-6994.0,125846.0,-5.557586256217917,163200.0,52500.0,6.675962920950529,13840.7,-6994.0,23193.0,,,,,,,20094.0,2026.12E,2025.12,20260608,매수,False,True,True
036530,SNT홀딩스,KOSPI,금융,50700.0,8266.0,6.36,0.55,7969.0,92522.0,8.61308661723698,89000.0,46300.0,,,,,,,,,,,,,,,,False,True,True
328130,루닛,KOSDAQ,IT 서비스,11080.0,8250.0,-14.58,5.05,-760.0,2196.0,-34.60837887067395,53300.0,9650.0,,,,,,,,,,,,,,,,False,True,True
388720,유일로보틱스,KOSDAQ,기계·장비,70000.0,8247.0,-82.74,8.44,-846.0,8297.0,-10.196456550560445,155000.0,60500.0,,,,,,,,,,,,,,,,False,True,True
074600,원익QnC,KOSDAQ,비금속,31200.0,8202.0,36.45,1.68,856.0,18524.0,4.621032174476355,45400.0,16790.0,,,,,,,,,,,,,,,,False,True,True
388210,씨엠티엑스,KOSDAQ,전기·전자,84300.0,8139.0,-22.97,4.39,-3670.0,19207.0,-19.107617014630083,170300.0,71500.0,14.07862654063262,5987.8,-3737.0,2119.0,692.0,571.0,32.0,33.7,518.0,-251.0,1606.0,2026.12E,2025.12,20260629,매수,False,True,True
065350,신성델타테크,KOSDAQ,전기·전자,29600.0,8135.0,37.47,3.27,790.0,9059.0,8.720609338779115,83000.0,27000.0,,,,,,,,,,,,,,,,False,True,True
213420,덕산네오룩스,KOSDAQ,전기·전자,32250.0,8008.0,15.06,1.75,2142.0,18395.0,11.644468605599348,57300.0,29600.0,,,,,,,,,,,,,,,,False,True,True
115180,큐리언트,KOSDAQ,일반서비스,21200.0,7952.0,-25.09,23.45,-845.0,904.0,-93.47345132743364,62900.0,9520.0,,,,,,,,,,,,,,,,False,True,True
009240,한샘,KOSPI,유통,33750.0,7943.0,17.16,1.4,1967.0,24081.0,8.168265437481832,54800.0,28300.0,17.9035594928651,1885.1000000000001,9171.0,19912.0,438.0,313.0,4.3,40.300000000000004,312.0,1511.0,19084.0,2025.12E,2024.12,20250401,중립,False,True,True
189300,인텔리안테크,KOSDAQ,전기·전자,73700.0,7914.0,106.04,2.82,695.0,26101.0,2.6627332286119305,180200.0,39000.0,24.808967583397852,2970.7000000000003,724.0,3834.0,334.0,303.0,20.0,179.70000000000002,120.0,75.0,3196.0,2026.12E,2025.12,20260515,매수,True,True,True
122870,와이지엔터테인먼트,KOSDAQ,오락·문화,42300.0,7906.0,21.43,1.53,1974.0,27689.0,7.129184874860053,109800.0,38800.0,14.108465079047427,2998.2000000000003,1990.0,6339.0,773.0,556.0,16.2,8.4,713.0,369.0,5454.0,2026.12E,2025.12,20260508,매수,False,True,True
137310,에스디바이오센서,KOSPI,의료·정밀기기,6540.0,7897.0,-1.56,0.34,-4193.0,19476.0,-21.529061408913535,10930.0,5850.0,,,,,,,,,,,,,,,,False,True,True
161580,필옵틱스,KOSDAQ,기계·장비,33600.0,7877.0,-45.65,6.76,-736.0,4970.0,-14.808853118712273,64900.0,28600.0,-123.62030905077262,-271.8,245.0,1300.0,-146.0,-63.0,-68.4,-205.9,138.0,56.0,4109.0,2025.12E,2024.12,20251113,중립,False,True,True
071320,지역난방공사,KOSPI,전기·가스,67600.0,7827.0,2.31,0.34,29268.0,198762.0,14.725148670268965,116700.0,63700.0,,,,,,,,,,,,,,,,False,True,True
048410,현대바이오,KOSDAQ,화학,8040.0,7759.0,-34.21,6.97,-235.0,1153.0,-20.38161318300087,21500.0,4565.0,,,,,,,,,,,,,,,,False,True,True
090360,로보스타,KOSDAQ,기계·장비,78800.0,7683.0,-147.84,8.85,-533.0,8904.0,-5.98607367475292,171600.0,24950.0,,,,,,,,,,,,,,,,False,True,True
397030,에이프릴바이오,KOSDAQ,일반서비스,32700.0,7656.0,36.37,8.06,899.0,4056.0,22.164694280078894,76700.0,16530.0,-771.2264150943395,-42.400000000000006,-429.0,,,,,,,,,2026.12E,2025.12,20260626,매수,False,True,True
075580,세진중공업,KOSPI,운송장비·부품,13430.0,7635.0,15.07,3.34,891.0,4019.0,22.16969395371983,27400.0,10280.0,,,,,,,,,,,,,,,,False,True,True
214320,이노션,KOSPI,일반서비스,18850.0,7540.0,8.22,0.71,2294.0,26618.0,8.61822826658652,22650.0,16730.0,,,,,,,,,,,,,,,,False,True,True
036830,솔브레인홀딩스,KOSDAQ,일반서비스,36600.0,7504.0,1.57,0.42,23248.0,86410.0,26.9042934845504,80800.0,33950.0,,,,,,,,,,,,,,,,False,True,True
004490,세방전지,KOSPI,전기·전자,54000.0,7484.0,5.36,0.44,10076.0,121686.0,8.280328057459363,77700.0,48250.0,,,,,,,,,,,,,,,,False,True,True
466100,클로봇,KOSDAQ,IT 서비스,29350.0,7472.0,-337.36,12.15,-87.0,2415.0,-3.602484472049689,82300.0,15940.0,,,,,,,,,,,,,,,,False,True,True
248070,솔루엠,KOSPI,전기·전자,15600.0,7459.0,60.23,1.56,259.0,9997.0,2.590777233169951,24350.0,14440.0,,,,,,,,,,,,,,,,False,True,True
499790,GS피앤엘,KOSPI,금융,37500.0,7437.0,38.38,0.87,977.0,43209.0,2.2611030109467936,67000.0,33300.0,,,,,,,,,,,,,,,,False,True,True
005690,파미셀,KOSPI,전기·전자,12350.0,7410.0,117.62,8.56,105.0,1442.0,7.281553398058252,21150.0,10380.0,,,,,,,,,,,,,,,,False,True,True
122640,예스티,KOSDAQ,기계·장비,34300.0,7404.0,-1270.37,5.38,-27.0,6379.0,-0.42326383445681137,44000.0,15200.0,,,,,,,,,,,,,,,,False,True,True
252990,샘씨엔에스,KOSDAQ,전기·전자,12200.0,7347.0,0.0,0.0,0.0,0.0,,16960.0,4255.0,,,,,,,,,,,,,,,,False,True,True
000670,영풍,KOSPI,금속,39900.0,7346.0,-94.55,0.2,-422.0,195371.0,-0.2159993038884993,73800.0,37000.0,,,,,,,,,,,,,,,,False,True,True
079160,CJ CGV,KOSPI,오락·문화,4425.0,7327.0,-5.1,1.28,-868.0,3444.0,-25.203252032520325,6660.0,4210.0,,,,,,,,,,,,,,,,False,True,True
356860,티엘비,KOSDAQ,전기·전자,74400.0,7315.0,38.41,5.74,1937.0,12972.0,14.932161578785074,141800.0,21800.0,33.459255261737724,2223.6,371.0,2576.0,248.0,216.0,43.1,637.7,34.0,36.0,1800.0,2025.12E,2024.12,20260213,매수,True,True,True
041830,인바디,KOSDAQ,의료·정밀기기,54000.0,7280.0,23.83,2.27,2266.0,23830.0,9.50902224087285,64200.0,22850.0,,,,,,,,,,,,,,,,False,True,True
014620,성광벤드,KOSDAQ,금속,27400.0,7277.0,21.57,1.32,1270.0,20691.0,6.137934367599439,53300.0,24850.0,16.112907968244635,1700.5,1297.0,2823.0,543.0,452.0,14.9,29.400000000000002,420.0,344.0,2457.0,2026.12E,2025.12,20260618,매수,False,True,True
003850,보령,KOSPI,제약,8450.0,7249.0,11.3,0.84,748.0,10008.0,7.474020783373302,10800.0,7910.0,,,,,,,,,,,,,,,,False,True,True
285130,SK케미칼,KOSPI,화학,41900.0,7248.0,18.19,0.36,2304.0,117452.0,1.9616524197118825,81800.0,36600.0,,,,,,,,,,,,,,,,False,True,True
032500,케이엠더블유,KOSDAQ,전기·전자,17160.0,7240.0,-25.54,5.34,-672.0,3211.0,-20.928059794456555,40000.0,11090.0,,,,,,,,,,,,,,,,False,True,True
445680,큐리옥스바이오시스템즈,KOSDAQ,의료·정밀기기,42050.0,7234.0,-25.56,13.63,-1645.0,3084.0,-53.33981841763943,149200.0,35350.0,,,,,,,,,,,,,,,,False,True,True
006650,대한유화,KOSPI,화학,110800.0,7202.0,22.71,0.37,4878.0,297102.0,1.6418603711856532,202500.0,89000.0,6.932495761041626,15982.7,5134.0,41995.0,2359.0,987.0,25.400000000000002,347.90000000000003,527.0,317.0,33478.0,2026.12E,2025.12,20260609,매수,True,True,True
032190,다우데이타,KOSDAQ,유통,18680.0,7154.0,3.27,0.44,5713.0,42047.0,13.587176255143055,31450.0,14950.0,,,,,,,,,,,,,,,,False,True,True
298050,HS효성첨단소재,KOSPI,화학,159500.0,7146.0,-33.02,0.88,-4830.0,180761.0,-2.672036556558107,282000.0,152100.0,,,,,,,,,,,,,,,,False,True,True
025540,한국단자,KOSPI,전기·전자,69600.0,7040.0,6.7,0.61,10383.0,114828.0,9.042219667676873,94000.0,58300.0,,,,,,,,,,,,,,,,False,True,True
064960,SNT모티브,KOSPI,운송장비·부품,26500.0,7033.0,10.1,0.62,2623.0,42534.0,6.166831240889641,40800.0,25200.0,6.691919191919192,3960.0,2921.3,10207.0,1071.0,944.0,1.4000000000000001,4.5,1026.0,696.0,10064.0,2026.12E,2025.12,20260605,매수,False,True,True
003160,디아이,KOSPI,의료·정밀기기,24700.0,6990.0,137.22,3.93,180.0,6287.0,2.8630507396214413,41700.0,12480.0,,,,,,,,,,,,,,,,False,True,True
490470,세미파이브,KOSDAQ,일반서비스,20500.0,6975.0,-10.36,3.15,-1978.0,6513.0,-30.370029172424385,51300.0,18250.0,,,,,,,,,,,,,,,,False,True,True
295310,에이치브이엠,KOSDAQ,금속,57400.0,6915.0,-73.31,10.33,-783.0,5555.0,-14.095409540954096,144000.0,21950.0,37.7085796872947,1522.2,1060.0,1051.0,216.0,183.0,58.0,270.6,58.0,126.0,665.0,2026.12E,2025.12,20260612,매수,True,True,True
035760,CJ ENM,KOSDAQ,오락·문화,31400.0,6886.0,23.35,0.23,1345.0,134461.0,1.0002900469281055,82300.0,30050.0,10.115327620642999,3104.2000000000003,1422.0,54005.0,1692.0,644.0,5.2,27.400000000000002,1329.0,295.0,51345.0,2026.12E,2025.12,20260508,매수,False,True,True
000370,한화손해보험,KOSPI,보험,5880.0,6864.0,3.04,0.34,1932.0,17378.0,11.1175048912418,10800.0,5090.0,,,,,,,,,,,,,,,,False,True,True
093050,LF,KOSPI,섬유·의류,23450.0,6857.0,6.93,0.38,3382.0,61158.0,5.529938846921089,26450.0,17010.0,,,,,,,,,,,,,,,,False,True,True
052400,코나아이,KOSDAQ,IT 서비스,47050.0,6852.0,9.21,2.61,5110.0,17996.0,28.395198933096243,72500.0,37600.0,,,,,,,,,,,,,,,,False,True,True
090460,비에이치,KOSPI,전기·전자,19960.0,6729.0,22.03,0.87,906.0,23055.0,3.929733246584255,43400.0,12450.0,,,,,,,,,,,,,,,,False,True,True
064290,인텍플러스,KOSDAQ,기계·장비,51800.0,6671.0,-201.56,13.76,-257.0,3765.0,-6.826029216467464,53200.0,8180.0,,,,,,,,,,,,,,,,False,True,True
006730,서부T&D,KOSDAQ,일반서비스,10220.0,6636.0,8.47,0.61,1206.0,16666.0,7.236289451578064,20450.0,8220.0,,,,,,,,,,,,,,,,False,True,True
094170,동운아나텍,KOSDAQ,전기·전자,31650.0,6618.0,0.0,0.0,0.0,0.0,,56400.0,16280.0,,,,,,,,,,,,,,,,False,True,True
010780,아이에스동서,KOSPI,비금속,21900.0,6611.0,-12.29,0.52,-1782.0,41857.0,-4.257352414172062,34450.0,17150.0,,,,,,,,,,,,,,,,False,True,True
253450,스튜디오드래곤,KOSDAQ,오락·문화,21800.0,6553.0,63.56,0.82,343.0,26623.0,1.2883596889907223,51600.0,19610.0,20.667425104285172,1054.8,343.0,6382.0,508.0,317.0,20.3,67.5,304.0,103.0,5307.0,2026.12E,2025.12,20260508,매수,False,True,True
050890,쏠리드,KOSDAQ,전기·전자,10780.0,6550.0,18.06,1.83,597.0,5886.0,10.142711518858308,20900.0,6090.0,16.541353383458645,651.7,610.0,3192.0,397.0,391.0,8.3,19.400000000000002,333.0,364.0,2948.0,2026.12E,2025.12,20260504,매수,False,True,True
002350,넥센타이어,KOSPI,화학,6700.0,6544.0,4.63,0.34,1448.0,19967.0,7.251965743476736,10110.0,5620.0,4.253158128610423,1575.3000000000002,1473.2,34232.0,1860.0,1626.0,7.300000000000001,9.200000000000001,1703.0,1508.0,31896.0,2026.12E,2025.12,20260507,중립,False,True,True
114090,GKL,KOSPI,오락·문화,10580.0,6544.0,13.9,1.48,761.0,7137.0,10.662743449628694,17970.0,10150.0,,,,,,,,,,,,,,,,False,True,True
112040,위메이드,KOSDAQ,IT 서비스,19180.0,6511.0,-35.0,1.59,-548.0,12052.0,-4.546963159641553,34850.0,14020.0,,,,,,,,,,,,,,,,False,True,True
069260,TKG휴켐스,KOSPI,화학,15850.0,6479.0,10.81,0.67,1466.0,23511.0,6.235379184211646,21550.0,14680.0,,,,,,,,,,,,,,,,False,True,True
222080,SFA넥셀,KOSDAQ,기계·장비,8280.0,6440.0,22.32,1.26,371.0,6562.0,5.6537640963121,19880.0,6240.0,,,,,,,,,,,,,,,,False,True,True
108320,LX세미콘,KOSPI,전기·전자,39250.0,6384.0,7.72,0.57,5081.0,69207.0,7.341742887280188,67400.0,37300.0,,,,,,,,,,,,,,,,False,True,True
376900,로킷헬스케어,KOSDAQ,제약,40050.0,6357.0,-204.34,54.12,-196.0,740.0,-26.486486486486488,153800.0,14120.0,,,,,,,,,,,,,,,,False,True,True
053610,프로텍,KOSDAQ,기계·장비,70400.0,6336.0,16.25,1.82,4331.0,38739.0,11.179947856165622,101900.0,24300.0,,,,,,,,,,,,,,,,False,True,True
001570,금양,KOSPI,화학,9900.0,6333.0,-9.62,1.38,-1029.0,7186.0,-14.319510158641805,9900.0,9900.0,,,,,,,,,,,,,,,,False,True,True
023160,태광,KOSDAQ,금속,24350.0,6299.0,10.1,1.01,2410.0,24145.0,9.981362600952579,51300.0,18660.0,10.398428492121107,2341.7000000000003,2469.0,3498.0,629.0,605.0,17.8,62.300000000000004,387.0,639.0,2970.0,2026.12E,2025.12,20260618,매수,False,True,True
000400,롯데손해보험,KOSPI,보험,2025.0,6284.0,0.0,0.0,0.0,0.0,,3280.0,1569.0,,,,,,,,,,,,,,,,False,True,True
002960,한국쉘석유,KOSPI,화학,481000.0,6253.0,17.06,4.91,28196.0,97904.0,28.799640464128125,620000.0,401000.0,,,,,,,,,,,,,,,,False,True,True
317450,명인제약,KOSPI,제약,42700.0,6234.0,6.36,0.78,6713.0,54409.0,12.338032310830929,134500.0,39100.0,,,,,,,,,,,,,,,,False,True,True
002020,코오롱,KOSPI,금융,48000.0,6196.0,-4.15,0.36,-11553.0,132503.0,-8.71904787061425,88200.0,35300.0,,,,,,,,,,,,,,,,False,True,True
456160,지투지바이오,KOSDAQ,제약,37250.0,6194.0,-2.63,-1.94,-14150.0,-19236.0,73.55999168226242,248000.0,34900.0,,,,,,,,,,,,,,,,False,True,True
006380,카프로,KOSPI,화학,3660.0,6185.0,12.75,7.01,287.0,522.0,54.98084291187739,3660.0,3660.0,,,,,,,,,,,,,,,,False,True,True
005180,빙그레,KOSPI,음식료·담배,66000.0,6118.0,11.46,0.78,5757.0,84119.0,6.843875937659743,95900.0,61500.0,,,,,,,,,,,,,,,,False,True,True
045100,한양이엔지,KOSDAQ,일반서비스,34800.0,6090.0,15.0,0.91,2320.0,38303.0,6.056966817220584,39400.0,17840.0,,,,,,,,,,,,,,,,False,True,True
007700,F&F홀딩스,KOSPI,금융,15560.0,6086.0,4.84,0.26,3214.0,59179.0,5.430980584328901,23350.0,13960.0,,,,,,,,,,,,,,,,False,True,True
001680,대상,KOSPI,음식료·담배,17490.0,6060.0,-2.07,0.59,-8447.0,29733.0,-28.409511317391452,24700.0,15880.0,,,,,,,,,,,,,,,,False,True,True
126340,비나텍,KOSDAQ,전기·전자,84400.0,6060.0,-95.05,7.08,-888.0,11920.0,-7.449664429530202,204500.0,27200.0,,,,,,,,,,,,,,,,False,True,True
001060,JW중외제약,KOSPI,제약,25850.0,6019.0,10.47,1.69,2470.0,15290.0,16.15434924787443,39250.0,20700.0,,,,,,,,,,,,,,,,False,True,True
005880,대한해운,KOSPI,운송·창고,1859.0,6000.0,3.33,0.28,559.0,6684.0,8.36325553560742,3385.0,1639.0,3.3543846986647416,554.2,560.0,12149.0,2512.0,1789.0,-4.9,21.3,2072.0,1802.0,12770.0,2026.12E,2025.12,20260601,매수,False,True,True
383310,에코프로에이치엔,KOSDAQ,화학,28600.0,5999.0,45.4,1.97,630.0,14535.0,4.3343653250774,46900.0,22050.0,,,,,,,,,,,,,,,,False,True,True
053800,안랩,KOSDAQ,IT 서비스,53900.0,5997.0,11.05,1.3,4878.0,41556.0,11.738377129656367,75000.0,51000.0,,,,,,,,,,,,,,,,False,True,True
002840,미원상사,KOSPI,화학,125800.0,5976.0,13.73,1.37,9162.0,91715.0,9.98964182521943,171500.0,109100.0,,,,,,,,,,,,,,,,False,True,True
046890,서울반도체,KOSDAQ,전기·전자,10250.0,5976.0,-11.62,0.93,-882.0,10993.0,-8.023287546620576,18960.0,5730.0,,,,,,,,,,,,,,,,False,True,True
160190,하이젠알앤엠,KOSDAQ,전기·전자,19320.0,5968.0,-84.37,5.28,-229.0,3657.0,-6.26196335794367,91200.0,17970.0,,,,,,,,,,,,,,,,False,True,True
001510,SK증권,KOSPI,증권,2580.0,5967.0,21.32,0.89,121.0,2884.0,4.195561719833565,6190.0,609.0,,,,,,,,,,,,,,,,False,True,True
001270,부국증권,KOSPI,증권,57200.0,5932.0,16.76,0.61,3413.0,93587.0,3.646874031649695,104600.0,39500.0,,,,,,,,,,,,,,,,False,True,True
044490,태웅,KOSDAQ,금속,29600.0,5922.0,23.99,0.98,1234.0,30212.0,4.084469747120349,61300.0,22550.0,,,,,,,,,,,,,,,,False,True,True
003620,KG모빌리티,KOSPI,운송장비·부품,2925.0,5919.0,12.61,0.4,232.0,7336.0,3.162486368593239,4670.0,2600.0,,,,,,,,,,,,,,,,False,True,True
121600,나노신소재,KOSDAQ,화학,48100.0,5898.0,358.96,2.32,134.0,20762.0,0.6454098834409017,95300.0,44600.0,88.95875716663583,540.7,-155.0,1076.0,53.0,65.0,22.6,78.60000000000001,30.0,-19.0,878.0,2025.12E,2024.12,20251020,매수,False,True,True
178920,PI첨단소재,KOSPI,화학,20050.0,5888.0,25.19,1.74,796.0,11507.0,6.917528460936821,32150.0,14880.0,,,,,,,,,,,,,,,,False,True,True
102710,이엔에프테크놀로지,KOSDAQ,화학,41150.0,5879.0,11.32,1.31,3635.0,31327.0,11.60340919973186,65000.0,34400.0,10.060386768696672,4090.3,3635.0,7214.0,831.0,584.0,7.5,6.5,781.0,519.0,6709.0,2026.12E,2025.12,20260629,매수,False,True,True
006110,삼아알미늄,KOSPI,금속,38850.0,5875.0,-22.96,2.62,-1692.0,14814.0,-11.421628189550425,104600.0,17630.0,,,,,,,,,,,,,,,,False,True,True
383800,LX홀딩스,KOSPI,금융,7680.0,5858.0,4.4,0.3,1744.0,25746.0,6.7738677852870355,10340.0,7060.0,,,,,,,,,,,,,,,,False,True,True
041960,코미팜,KOSDAQ,제약,7900.0,5837.0,-79.0,8.17,-100.0,967.0,-10.341261633919338,10790.0,5090.0,,,,,,,,,,,,,,,,False,True,True
033240,자화전자,KOSPI,전기·전자,26900.0,5812.0,12.51,1.24,2150.0,21665.0,9.92384029540734,60000.0,15250.0,,,,,,,,,,,,,,,,False,True,True
476830,알지노믹스,KOSDAQ,일반서비스,41700.0,5810.0,0.0,0.0,0.0,0.0,,245250.0,39950.0,,,,,,,,,,,,,,,,False,True,True
093320,케이아이엔엑스,KOSDAQ,IT 서비스,119000.0,5807.0,33.96,2.82,3504.0,42214.0,8.30056379400199,145100.0,79200.0,,,,,,,,,,,,,,,,False,True,True
358570,지아이이노베이션,KOSDAQ,일반서비스,8990.0,5800.0,-8.08,16.56,-1113.0,543.0,-204.97237569060775,22600.0,8610.0,,,,,,,,,,,,,,,,False,True,True
336370,솔루스첨단소재,KOSPI,전기·전자,8250.0,5793.0,-11.21,1.09,-736.0,7584.0,-9.70464135021097,16900.0,6880.0,,,,,,,,,,,,,,,,False,True,True
225570,넥슨게임즈,KOSDAQ,IT 서비스,8790.0,5789.0,-9.36,2.17,-939.0,4052.0,-23.173741362290226,15420.0,7860.0,,,,,,,,,,,,,,,,False,True,True
086900,메디톡스,KOSDAQ,제약,79100.0,5773.0,36.89,1.22,2144.0,64588.0,3.319502074688797,178100.0,73400.0,22.977487291212782,3442.5,2292.8,2670.0,291.0,233.0,8.0,71.4,170.0,166.0,2473.0,2026.12E,2025.12,20260515,중립,False,True,True
005090,SGC에너지,KOSPI,전기·가스,40050.0,5771.0,-9.4,0.82,-4259.0,48667.0,-8.751309922534777,70700.0,20150.0,,,,,,,,,,,,,,,,False,True,True
059090,미코,KOSDAQ,전기·전자,17230.0,5758.0,19.51,4.71,883.0,3658.0,24.138873701476214,29250.0,12400.0,,,,,,,,,,,,,,,,False,True,True
476060,온코닉테라퓨틱스,KOSDAQ,일반서비스,12640.0,5740.0,-51.8,9.75,-244.0,1296.0,-18.82716049382716,70800.0,11760.0,,,,,,,,,,,,,,,,False,True,True
171090,선익시스템,KOSDAQ,기계·장비,56700.0,5728.0,5.61,3.48,10110.0,16300.0,62.02453987730061,144000.0,34000.0,,,,,,,,,,,,,,,,False,True,True
102940,코오롱생명과학,KOSDAQ,제약,43750.0,5727.0,21.86,0.97,2001.0,45249.0,4.422197175628191,72700.0,27600.0,,,,,,,,,,,,,,,,False,True,True
170920,엘티씨,KOSDAQ,화학,54100.0,5715.0,112.71,4.32,480.0,12514.0,3.835704011507112,60700.0,10400.0,,,,,,,,,,,,,,,,False,True,True
453340,현대그린푸드,KOSPI,유통,17580.0,5709.0,6.67,0.78,2635.0,22435.0,11.745041230220638,19690.0,14650.0,,,,,,,,,,,,,,,,False,True,True
017940,E1,KOSPI,유통,83000.0,5694.0,5.43,0.24,15276.0,349725.0,4.368003431267424,114500.0,71000.0,,,,,,,,,,,,,,,,False,True,True
014820,동원시스템즈,KOSPI,화학,19510.0,5656.0,10.63,0.66,1835.0,29468.0,6.227093796660784,32600.0,17520.0,,,,,,,,,,,,,,,,False,True,True
100840,SNT에너지,KOSPI,기계·장비,27250.0,5636.0,6.68,1.48,4080.0,18458.0,22.104236645357027,67900.0,25100.0,,,,,,,,,,,,,,,,False,True,True
067160,SOOP,KOSDAQ,IT 서비스,48750.0,5604.0,5.5,1.11,8860.0,43822.0,20.21815526447903,97800.0,44700.0,5.620633200359721,8673.4,9556.0,4531.0,1025.0,924.0,-2.9000000000000004,-17.900000000000002,1248.0,1018.0,4666.0,2026.12E,2025.12,20260625,중립,False,True,True
000640,동아쏘시오홀딩스,KOSPI,금융,82800.0,5575.0,6.13,0.48,13508.0,171401.0,7.880934183581193,125500.0,74500.0,,,,,,,,,,,,,,,,False,True,True
037460,삼지전자,KOSDAQ,전기·전자,33900.0,5532.0,7.31,1.04,4636.0,32565.0,14.236143098418546,64500.0,10900.0,,,,,,,,,,,,,,,,False,True,True
027360,아주IB투자,KOSDAQ,금융,4550.0,5512.0,65.94,2.04,69.0,2227.0,3.0983385720700496,19950.0,1913.0,,,,,,,,,,,,,,,,False,True,True
052020,에스티큐브,KOSDAQ,유통,8100.0,5507.0,-25.23,7.63,-321.0,1062.0,-30.225988700564972,22500.0,6540.0,,,,,,,,,,,,,,,,False,True,True
079900,전진건설로봇,KOSPI,기계·장비,37600.0,5487.0,17.4,3.51,2161.0,10701.0,20.194374357536677,74350.0,35400.0,,,,,,,,,,,,,,,,False,True,True
268280,미원에스씨,KOSPI,화학,109300.0,5465.0,8.91,1.18,12261.0,92934.0,13.193233907934662,157900.0,89600.0,,,,,,,,,,,,,,,,False,True,True
336570,원텍,KOSDAQ,의료·정밀기기,6100.0,5464.0,15.52,3.46,393.0,1764.0,22.27891156462585,13410.0,5210.0,11.694785276073619,521.6,393.0,1960.0,571.0,465.0,25.0,10.4,517.0,352.0,1568.0,2026.12E,2025.12,20260515,매수,False,True,True
033790,피노,KOSDAQ,전기·전자,6400.0,5333.0,-52.03,2.6,-123.0,2462.0,-4.995938261575954,19150.0,3445.0,,,,,,,,,,,,,,,,False,True,True
251970,펌텍코리아,KOSDAQ,화학,43000.0,5332.0,15.48,1.81,2778.0,23753.0,11.695364796025764,77000.0,31400.0,,,,,,,,,,,,,,,,False,True,True
016380,KG스틸,KOSPI,금속,5330.0,5330.0,3.95,0.25,1350.0,21234.0,6.357728171799944,7900.0,4950.0,,,,,,,,,,,,,,,,False,True,True
174900,앱클론,KOSDAQ,제약,26650.0,5317.0,0.0,0.0,0.0,0.0,,95800.0,9770.0,,,,,,,,,,,,,,,,False,True,True
124500,아이티센글로벌,KOSDAQ,IT 서비스,22900.0,5314.0,11.39,4.24,2010.0,5404.0,37.19467061435973,75500.0,13990.0,,,,,,,,,,,,,,,,False,True,True
001500,현대차증권,KOSPI,증권,8570.0,5299.0,8.63,0.33,993.0,26343.0,3.769502334586038,14880.0,7560.0,,,,,,,,,,,,,,,,False,True,True
089890,코세스,KOSDAQ,기계·장비,31900.0,5291.0,40.08,6.88,796.0,4635.0,17.173678532901835,51400.0,6840.0,,,,,,,,,,,,,,,,False,True,True
033500,동성화인텍,KOSDAQ,화학,17620.0,5284.0,9.46,2.04,1863.0,8649.0,21.54006243496358,34300.0,15990.0,,,,,,,,,,,,,,,,False,True,True
348370,엔켐,KOSDAQ,화학,24100.0,5281.0,-7.65,1.12,-3152.0,21543.0,-14.631202710857355,105000.0,22450.0,,,,,,,,,,,,,,,,False,True,True
060250,NHN KCP,KOSDAQ,금융,13000.0,5221.0,11.52,1.66,1128.0,7810.0,14.443021766965428,25500.0,10700.0,,,,,,,,,,,,,,,,False,True,True
035890,서희건설,KOSDAQ,건설,2260.0,5194.0,4.26,0.39,530.0,5846.0,9.066028053369827,4000.0,1547.0,,,,,,,,,,,,,,,,False,True,True
376300,디어유,KOSDAQ,IT 서비스,21850.0,5187.0,27.83,2.47,785.0,8842.0,8.878081881927166,62300.0,19220.0,13.606077588890964,1605.9,785.0,988.0,,,,,,,838.0,2026.12E,2025.12,20260506,매수,False,True,True
036810,에프에스티,KOSDAQ,전기·전자,23950.0,5185.0,-43.08,2.04,-556.0,11742.0,-4.735138817918583,51000.0,18300.0,,,,,,,,,,,,,,,,False,True,True
249420,일동제약,KOSPI,제약,16370.0,5179.0,17.56,2.09,932.0,7821.0,11.916634701444828,45050.0,12850.0,,,,,,,,,,,,,,,,False,True,True
056080,유진로봇,KOSDAQ,기계·장비,13430.0,5135.0,-158.0,14.11,-85.0,952.0,-8.928571428571429,49450.0,9650.0,,,,,,,,,,,,,,,,False,True,True
003300,한일홀딩스,KOSPI,비금속,16580.0,5112.0,16.19,0.3,1024.0,54474.0,1.8797958659176857,23800.0,15250.0,,,,,,,,,,,,,,,,False,True,True
033640,네패스,KOSDAQ,전기·전자,22150.0,5108.0,30.81,4.13,719.0,5360.0,13.414179104477611,41150.0,10170.0,,,,,,,,,,,,,,,,False,True,True
009410,태영건설,KOSPI,건설,1714.0,5101.0,7.94,0.84,216.0,2037.0,10.603829160530191,2920.0,1510.0,,,,,,,,,,,,,,,,False,True,True
039130,하나투어,KOSPI,일반서비스,32850.0,5088.0,16.13,3.34,2036.0,9827.0,20.718428818561108,58600.0,30550.0,,,,,,,,,,,,,,,,False,True,True
009520,포스코엠텍,KOSDAQ,금속,12180.0,5072.0,870.0,4.53,14.0,2687.0,0.5210271678451805,23100.0,11370.0,,,,,,,,,,,,,,,,False,True,True
389470,인벤티지랩,KOSDAQ,일반서비스,38100.0,5070.0,-49.87,7.38,-764.0,5163.0,-14.797598295564592,101700.0,28550.0,,,,,,,,,,,,,,,,False,True,True
082270,젬백스,KOSDAQ,기계·장비,11400.0,5047.0,-41.76,8.44,-273.0,1351.0,-20.207253886010363,62400.0,10800.0,,,,,,,,,,,,,,,,False,True,True
211050,인카금융서비스,KOSDAQ,금융,10220.0,5035.0,7.25,2.33,1410.0,4391.0,32.11113641539512,17330.0,8100.0,,,,,,,,,,,,,,,,False,True,True
094800,맵스리얼티,KOSPI, ,5410.0,5022.0,0.0,0.0,0.0,0.0,,8190.0,4345.0,,,,,,,,,,,,,,,,False,True,True
284740,쿠쿠홈시스,KOSPI,일반서비스,22350.0,5015.0,4.2,0.46,5327.0,48373.0,11.01234159551816,31650.0,20150.0,,,,,,,,,,,,,,,,False,True,True
008060,대덕,KOSPI,금융,16000.0,5006.0,158.42,0.9,101.0,17702.0,0.570556999209129,24350.0,7700.0,,,,,,,,,,,,,,,,False,True,True
161000,애경케미칼,KOSPI,화학,10220.0,4972.0,-167.54,0.69,-61.0,14791.0,-0.4124129538232709,19960.0,8430.0,,,,,,,,,,,,,,,,False,True,True
005810,풍산홀딩스,KOSPI,금융,34450.0,4967.0,6.67,0.41,5163.0,84683.0,6.0968553310581814,60900.0,33200.0,,,,,,,,,,,,,,,,False,True,True
015750,성우하이텍,KOSDAQ,운송장비·부품,6180.0,4944.0,2.93,0.29,2110.0,21208.0,9.949075820445115,11990.0,5390.0,,,,,,,,,,,,,,,,False,True,True
365340,성일하이텍,KOSDAQ,화학,38250.0,4942.0,-6.01,3.68,-6364.0,10382.0,-61.29840107879021,85500.0,33500.0,,,,,,,,,,,,,,,,False,True,True
077360,덕산하이메탈,KOSDAQ,전기·전자,10750.0,4884.0,-4.61,2.37,-2333.0,4544.0,-51.342429577464785,21100.0,4035.0,,,,,,,,,,,,,,,,False,True,True
005250,녹십자홀딩스,KOSPI,일반서비스,10380.0,4882.0,-7.4,0.52,-1403.0,19826.0,-7.076566125290023,18010.0,9490.0,,,,,,,,,,,,,,,,False,True,True
451060,1Q 200액티브,KOSPI,ETF(Active/수익증권),42040.0,4856.0,0.0,0.0,0.0,0.0,,49020.0,13330.0,,,,,,,,,,,,,,,,False,True,True
372320,큐로셀,KOSDAQ,일반서비스,31850.0,4849.0,-9.85,91.52,-3232.0,348.0,-928.735632183908,66000.0,26550.0,,,,,,,,,,,,,,,,False,True,True
348210,넥스틴,KOSDAQ,기계·장비,45950.0,4814.0,-195.53,3.12,-235.0,14724.0,-1.596033686498234,100400.0,40600.0,329.62697274031564,139.4,-240.0,913.0,51.0,14.0,36.5,-536.8000000000001,-12.0,-25.0,669.0,2026.12E,2025.12,20260402,매수,False,True,True
377740,바이오노트,KOSPI,제약,4690.0,4778.0,-5.47,0.31,-857.0,15047.0,-5.6954874725858975,6320.0,4240.0,,,,,,,,,,,,,,,,False,True,True
486990,노타,KOSDAQ,IT 서비스,22350.0,4771.0,-22.85,17.35,-978.0,1288.0,-75.93167701863354,65300.0,18560.0,,,,,,,,,,,,,,,,False,True,True
002240,고려제강,KOSPI,금속,17660.0,4768.0,49.61,0.26,356.0,67342.0,0.5286448278934395,28300.0,16560.0,,,,,,,,,,,,,,,,False,True,True
462900,KoAct 바이오헬스케어액티브,KOSPI,ETF(Active/수익증권),16330.0,4768.0,0.0,0.0,0.0,0.0,,25685.0,14705.0,,,,,,,,,,,,,,,,False,True,True
058650,세아홀딩스,KOSPI,금속,112200.0,4760.0,6.95,0.2,16154.0,569956.0,2.8342538722287336,184800.0,105000.0,,,,,,,,,,,,,,,,False,True,True
101160,월덱스,KOSDAQ,전기·전자,28800.0,4755.0,11.6,1.37,2482.0,20992.0,11.823551829268293,35400.0,20050.0,,,,,,,,,,,,,,,,False,True,True
425420,티에프이,KOSDAQ,전기·전자,38400.0,4741.0,24.4,4.08,1574.0,9411.0,16.72510891509935,77700.0,27950.0,,,,,,,,,,,,,,,,False,True,True
001530,DI동일,KOSPI,유통,22800.0,4723.0,-49.35,0.91,-462.0,25027.0,-1.8460063131817634,44050.0,15730.0,,,,,,,,,,,,,,,,False,True,True
272290,이녹스첨단소재,KOSDAQ,전기·전자,23650.0,4715.0,8.24,1.13,2871.0,20895.0,13.740129217516154,44400.0,21650.0,,,,,,,,,,,,,,,,False,True,True
030520,한글과컴퓨터,KOSDAQ,IT 서비스,19390.0,4688.0,13.64,1.26,1422.0,15357.0,9.259621019730416,31150.0,15620.0,,,,,,,,,,,,,,,,False,True,True
145990,삼양사,KOSPI,음식료·담배,45400.0,4682.0,-1.55,0.28,-29380.0,160501.0,-18.305181899178198,59600.0,40750.0,,,,,,,,,,,,,,,,False,True,True
253590,네오셈,KOSDAQ,기계·장비,10650.0,4672.0,87.3,3.8,122.0,2805.0,4.349376114081997,21400.0,7610.0,,,,,,,,,,,,,,,,False,True,True
003030,세아제강지주,KOSPI,금융,112300.0,4651.0,7.35,0.22,15274.0,510476.0,2.9921093254139275,260000.0,108200.0,,,,,,,,,,,,,,,,False,True,True
034950,한국기업평가,KOSDAQ,일반서비스,101700.0,4618.0,18.3,3.43,5556.0,29647.0,18.740513374034474,115000.0,92400.0,,,,,,,,,,,,,,,,False,True,True
104830,원익머트리얼즈,KOSDAQ,화학,36550.0,4608.0,9.46,0.88,3863.0,41679.0,9.268456536865088,56100.0,21450.0,,,,,,,,,,,,,,,,False,True,True
020000,한섬,KOSPI,섬유·의류,21450.0,4607.0,10.41,0.32,2061.0,66913.0,3.08011896044117,28750.0,14180.0,,,,,,,,,,,,,,,,False,True,True
099190,아이센스,KOSDAQ,의료·정밀기기,15990.0,4598.0,-85.97,1.4,-186.0,11419.0,-1.6288641737455118,27600.0,14410.0,,,,,,,,,,,,,,,,False,True,True
119850,지엔씨에너지,KOSDAQ,전기·전자,27800.0,4573.0,11.45,2.05,2428.0,13535.0,17.938677502770595,46750.0,18350.0,,,,,,,,,,,,,,,,False,True,True
475960,토모큐브,KOSDAQ,의료·정밀기기,34100.0,4564.0,-93.42,11.71,-365.0,2912.0,-12.534340659340659,67800.0,22500.0,,,,,,,,,,,,,,,,False,True,True
278280,천보,KOSDAQ,화학,37200.0,4558.0,-6.51,1.02,-5710.0,36443.0,-15.668303926680021,80600.0,35900.0,,,,,,,,,,,,,,,,False,True,True
385720,TIME 코스피액티브,KOSPI,ETF(Active/수익증권),30920.0,4545.0,0.0,0.0,0.0,0.0,,35680.0,11135.0,,,,,,,,,,,,,,,,False,True,True
290550,디케이티,KOSDAQ,전기·전자,22650.0,4530.0,19.54,2.23,1159.0,10140.0,11.429980276134122,34950.0,5990.0,,,,,,,,,,,,,,,,False,True,True
078130,국일제지,KOSDAQ,종이·목재,3995.0,4504.0,-249.69,3.76,-16.0,1063.0,-1.5051740357478833,4575.0,261.0,,,,,,,,,,,,,,,,False,True,True
368770,파이버프로,KOSDAQ,의료·정밀기기,13620.0,4475.0,48.13,9.74,283.0,1398.0,20.243204577968527,29950.0,5280.0,,,,,,,,,,,,,,,,False,True,True
000070,삼양홀딩스,KOSPI,금융,57500.0,4464.0,-2.48,0.22,-23161.0,261061.0,-8.87187285730155,107100.0,51500.0,,,,,,,,,,,,,,,,False,True,True
439960,코스모로보틱스,KOSDAQ,의료·정밀기기,13750.0,4462.0,-16.31,26.24,-843.0,524.0,-160.87786259541986,68500.0,12790.0,,,,,,,,,,,,,,,,False,True,True
214430,아이쓰리시스템,KOSDAQ,전기·전자,61000.0,4457.0,28.96,3.96,2106.0,15407.0,13.669111442850651,137900.0,53500.0,,,,,,,,,,,,,,,,False,True,True
039440,에스티아이,KOSDAQ,기계·장비,28700.0,4451.0,29.47,1.53,974.0,18772.0,5.188578734285105,43200.0,17380.0,,,,,,,,,,,,,,,,False,True,True
399720,가온칩스,KOSDAQ,전기·전자,37450.0,4434.0,-30.23,7.94,-1239.0,4714.0,-26.2834111158252,83200.0,34950.0,,,,,,,,,,,,,,,,False,True,True
348340,뉴로메카,KOSDAQ,기계·장비,35700.0,4430.0,-18.25,29.48,-1956.0,1211.0,-161.5194054500413,139000.0,19990.0,,,,,,,,,,,,,,,,False,True,True
031430,신세계인터내셔날,KOSPI,유통,12630.0,4419.0,104.38,0.52,121.0,24118.0,0.5016999751223152,17130.0,9550.0,,,,,,,,,,,,,,,,False,True,True
014830,유니드,KOSPI,화학,64500.0,4365.0,6.69,0.4,9643.0,162961.0,5.917366731917452,101600.0,60600.0,,,,,,,,,,,,,,,,False,True,True
460930,현대힘스,KOSDAQ,운송장비·부품,12290.0,4364.0,20.35,1.73,604.0,7122.0,8.480763830384722,33450.0,11240.0,,,,,,,,,,,,,,,,False,True,True
340570,티앤엘,KOSDAQ,제약,53000.0,4308.0,11.32,2.11,4684.0,25091.0,18.66804830417281,68000.0,43100.0,,,,,,,,,,,,,,,,False,True,True
001200,유진투자증권,KOSPI,증권,4430.0,4291.0,6.65,0.36,666.0,12331.0,5.401021814937961,6920.0,3105.0,,,,,,,,,,,,,,,,False,True,True
004690,삼천리,KOSPI,전기·가스,118300.0,4290.0,4.3,0.24,27498.0,491062.0,5.599700241517365,176800.0,107600.0,,,,,,,,,,,,,,,,False,True,True
042000,카페24,KOSDAQ,IT 서비스,17700.0,4280.0,10.99,1.61,1611.0,10998.0,14.648117839607202,47650.0,16250.0,,,,,,,,,,,,,,,,False,True,True
019170,신풍제약,KOSPI,제약,8140.0,4267.0,50.88,1.55,160.0,5267.0,3.037782418834251,15900.0,7700.0,,,,,,,,,,,,,,,,False,True,True
460860,동국제강,KOSPI,금속,8570.0,4251.0,0.0,0.0,0.0,0.0,,17710.0,7760.0,,,,,,,,,,,,,,,,False,True,True
219130,타이거일렉,KOSDAQ,전기·전자,67000.0,4231.0,1522.73,7.99,44.0,8388.0,0.5245588936576061,82000.0,11800.0,,,,,,,,,,,,,,,,False,True,True
079940,가비아,KOSDAQ,IT 서비스,31500.0,4228.0,26.99,2.32,1167.0,13565.0,8.603022484334685,36750.0,22250.0,,,,,,,,,,,,,,,,False,True,True
160980,싸이맥스,KOSDAQ,기계·장비,38550.0,4211.0,28.18,2.17,1368.0,17779.0,7.694471005118399,47850.0,11560.0,,,,,,,,,,,,,,,,False,True,True
148070,KIWOOM 국고채10년,KOSPI,ETF(실물복제/수익증권),104965.0,4205.0,0.0,0.0,0.0,0.0,,117925.0,103390.0,,,,,,,,,,,,,,,,False,True,True
327260,RF머트리얼즈,KOSDAQ,전기·전자,49500.0,4205.0,60.96,8.16,812.0,6069.0,13.379469434832755,126600.0,5550.0,33.66888858658686,1470.2,833.1,995.0,168.0,130.0,55.300000000000004,127.4,74.0,71.0,641.0,2026.12E,2025.12,20260626,매수,True,True,True
034310,NICE,KOSPI,일반서비스,11410.0,4194.0,11.24,0.52,1015.0,21761.0,4.664307706447314,15430.0,10660.0,,,,,,,,,,,,,,,,False,True,True
072710,농심홀딩스,KOSPI,금융,90300.0,4188.0,3.65,0.32,24706.0,284823.0,8.674159039122543,143500.0,73600.0,,,,,,,,,,,,,,,,False,True,True
016610,DB증권,KOSPI,증권,9820.0,4168.0,5.12,0.36,1918.0,27483.0,6.978859658698104,19350.0,7970.0,,,,,,,,,,,,,,,,False,True,True
025320,시노펙스,KOSDAQ,전기·전자,4520.0,4166.0,56.5,2.42,80.0,1867.0,4.284949116229245,8330.0,4090.0,,,,,,,,,,,,,,,,False,True,True
215200,메가스터디교육,KOSDAQ,일반서비스,40100.0,4156.0,5.07,0.84,7903.0,48011.0,16.460811064131136,52300.0,35150.0,,,,,,,,,,,,,,,,False,True,True
477850,마키나락스,KOSDAQ,IT 서비스,23400.0,4155.0,-24.79,24.02,-944.0,974.0,-96.91991786447639,83600.0,13420.0,,,,,,,,,,,,,,,,False,True,True
018290,브이티,KOSDAQ,화학,11880.0,4151.0,6.94,1.7,1713.0,6998.0,24.47842240640183,39350.0,10540.0,,,,,,,,,,,,,,,,False,True,True
330860,네패스아크,KOSDAQ,일반서비스,33850.0,4124.0,-14.38,2.49,-2354.0,13574.0,-17.3419773095624,63500.0,13310.0,27.017319818022187,1252.9,280.0,1303.0,259.0,153.0,14.200000000000001,444.3,48.0,34.0,1141.0,2026.12E,2025.12,20260629,매수,True,True,True
381970,케이카,KOSPI,유통,8440.0,4120.0,0.0,0.0,0.0,0.0,,17210.0,8100.0,,,,,,,,,,,,,,,,False,True,True
403550,쏘카,KOSPI,일반서비스,10860.0,4120.0,-19.39,2.16,-560.0,5020.0,-11.155378486055776,21000.0,10240.0,,,,,,,,,,,,,,,,False,True,True
003000,부광약품,KOSPI,제약,4160.0,4104.0,28.3,1.21,147.0,3452.0,4.258400926998841,9890.0,3200.0,,,,,,,,,,,,,,,,False,True,True
004710,한솔테크닉스,KOSPI,전기·전자,10040.0,4079.0,-23.51,0.95,-427.0,10514.0,-4.061251664447404,16430.0,4480.0,,,,,,,,,,,,,,,,False,True,True
041190,우리기술투자,KOSDAQ,금융,4855.0,4078.0,3.69,0.49,1316.0,9971.0,13.198274997492728,13140.0,4415.0,,,,,,,,,,,,,,,,False,True,True
168360,펨트론,KOSDAQ,기계·장비,18600.0,4075.0,-104.49,15.3,-178.0,1216.0,-14.638157894736842,34700.0,9750.0,,,,,,,,,,,,,,,,False,True,True
452260,한화갤러리아,KOSPI,유통,2100.0,4071.0,123.53,0.5,17.0,4193.0,0.4054376341521584,4120.0,999.0,,,,,,,,,,,,,,,,False,True,True
089010,켐트로닉스,KOSDAQ,화학,24250.0,4067.0,39.69,1.73,611.0,14012.0,4.360548101627177,48900.0,20150.0,,,,,,,,,,,,,,,,False,True,True
004700,조광피혁,KOSPI,섬유·의류,61000.0,4056.0,32.17,0.72,1896.0,84592.0,2.241346699451485,87600.0,57600.0,,,,,,,,,,,,,,,,False,True,True
426020,TIME 미국S&P500액티브,KOSPI,ETF(Active/수익증권),35625.0,4019.0,0.0,0.0,0.0,0.0,,37535.0,22300.0,,,,,,,,,,,,,,,,False,True,True
200710,에이디테크놀로지,KOSDAQ,전기·전자,29800.0,4012.0,111.19,2.85,268.0,10456.0,2.5631216526396328,62000.0,18810.0,,,,,,,,,,,,,,,,False,True,True
016590,신대양제지,KOSPI,종이·목재,9900.0,3989.0,17.49,0.49,566.0,20359.0,2.780097254285574,18150.0,8200.0,,,,,,,,,,,,,,,,False,True,True
009900,명신산업,KOSPI,운송장비·부품,7550.0,3961.0,5.8,0.52,1302.0,14406.0,9.037900874635568,14940.0,6600.0,,,,,,,,,,,,,,,,False,True,True
005420,코스모화학,KOSPI,화학,10270.0,3945.0,-13.0,1.79,-790.0,5730.0,-13.787085514834205,21650.0,9560.0,,,,,,,,,,,,,,,,False,True,True
095660,네오위즈,KOSDAQ,IT 서비스,18230.0,3944.0,7.97,0.68,2287.0,26889.0,8.505336754806798,31550.0,16100.0,,,,,,,,,,,,,,,,False,True,True
003280,흥아해운,KOSPI,운송·창고,1639.0,3941.0,12.91,1.54,127.0,1062.0,11.958568738229754,4795.0,1553.0,,,,,,,,,,,,,,,,False,True,True
029530,신도리코,KOSPI,전기·전자,40350.0,3920.0,20.27,0.32,1991.0,124856.0,1.59463702184917,73200.0,38400.0,,,,,,,,,,,,,,,,False,True,True
015360,INVENI,KOSPI,일반서비스,14360.0,3913.0,4.9,0.49,2930.0,29078.0,10.07634637870555,88000.0,13350.0,,,,,,,,,,,,,,,,False,True,True
241770,메카로,KOSDAQ,전기·전자,38350.0,3909.0,30.98,1.86,1238.0,20599.0,6.010000485460459,48000.0,10740.0,,,,,,,,,,,,,,,,False,True,True
047920,HLB제약,KOSDAQ,일반서비스,11820.0,3877.0,83.83,3.1,141.0,3816.0,3.6949685534591192,22250.0,9740.0,,,,,,,,,,,,,,,,False,True,True
033160,엠케이전자,KOSDAQ,전기·전자,16010.0,3874.0,266.83,0.91,60.0,17625.0,0.3404255319148936,37000.0,7680.0,,,,,,,,,,,,,,,,False,True,True
356680,엑스게이트,KOSDAQ,IT 서비스,13570.0,3873.0,96.93,8.72,140.0,1557.0,8.991650610147719,30550.0,6100.0,,,,,,,,,,,,,,,,False,True,True
025980,아난티,KOSDAQ,일반서비스,3975.0,3868.0,-9.16,0.52,-434.0,7660.0,-5.66579634464752,10950.0,3835.0,,,,,,,,,,,,,,,,False,True,True
024850,HLB이노베이션,KOSDAQ,전기·전자,12120.0,3849.0,-10.48,1.66,-1156.0,7282.0,-15.874759681406205,28100.0,1460.0,,,,,,,,,,,,,,,,False,True,True
036620,감성코퍼레이션,KOSDAQ,유통,4250.0,3819.0,13.45,3.51,316.0,1210.0,26.115702479338843,7700.0,3540.0,,,,,,,,,,,,,,,,False,True,True
027410,BGF,KOSPI,금융,3965.0,3795.0,6.42,0.21,618.0,18674.0,3.3094141587233588,5420.0,3605.0,,,,,,,,,,,,,,,,False,True,True
067630,HLB생명과학,KOSDAQ,제약,3110.0,3792.0,-3.8,1.27,-819.0,2440.0,-33.5655737704918,5650.0,2740.0,,,,,,,,,,,,,,,,False,True,True
008730,율촌화학,KOSPI,화학,15250.0,3782.0,90.77,1.29,168.0,11783.0,1.425782907578715,39200.0,13490.0,,,,,,,,,,,,,,,,False,True,True
130660,한전산업,KOSPI,일반서비스,11590.0,3778.0,92.72,3.66,125.0,3167.0,3.9469529523208084,27800.0,10150.0,,,,,,,,,,,,,,,,False,True,True
078020,LS증권,KOSDAQ,금융,6780.0,3762.0,19.82,0.43,342.0,15643.0,2.1862814038227962,9190.0,4660.0,,,,,,,,,,,,,,,,False,True,True
013030,하이록코리아,KOSDAQ,금속,31950.0,3760.0,7.72,0.83,4141.0,38609.0,10.725478515372064,48100.0,28250.0,6.961694339129297,4589.400000000001,4211.0,2360.0,650.0,540.0,10.0,10.4,589.0,503.0,2146.0,2026.12E,2025.12,20260519,매수,False,True,True
006220,제주은행,KOSPI,금융,9910.0,3746.0,25.61,0.58,387.0,17124.0,2.2599859845830412,19350.0,9160.0,,,,,,,,,,,,,,,,False,True,True
271940,일진하이솔루스,KOSPI,운송장비·부품,10300.0,3740.0,-187.27,1.19,-55.0,8677.0,-0.633859628903999,21200.0,9270.0,,,,,,,,,,,,,,,,False,True,True
005950,이수화학,KOSPI,화학,14120.0,3713.0,-11.32,3.86,-1247.0,3655.0,-34.11764705882353,17990.0,5060.0,,,,,,,,,,,,,,,,False,True,True
344820,KCC글라스,KOSPI,비금속,23200.0,3705.0,-4.43,0.27,-5237.0,86505.0,-6.053985318767701,34650.0,21000.0,,,,,,,,,,,,,,,,False,True,True
089590,제주항공,KOSPI,운송·창고,4590.0,3701.0,-3.18,1.34,-1443.0,3415.0,-42.25475841874085,7330.0,4090.0,-7.81143635125936,-587.6,-1490.0,19127.0,-112.0,-473.0,21.1,-90.0,-1117.0,-1164.0,15799.0,2026.12E,2025.12,20260615,중립,False,True,True
114810,한솔아이원스,KOSDAQ,기계·장비,13040.0,3670.0,13.2,1.71,988.0,7613.0,12.977801129646657,19900.0,8130.0,8.915020168182128,1462.7,1029.0,2355.0,460.0,404.0,18.400000000000002,38.1,333.0,284.0,1988.0,2026.12E,2025.12,20260424,매수,False,True,True
011930,신성이엔지,KOSPI,전기·전자,18020.0,3659.0,-53.0,1.57,-340.0,11467.0,-2.9650300863346994,49000.0,1415.0,,,,,,,,,,,,,,,,False,True,True
002810,삼영무역,KOSPI,유통,19790.0,3655.0,6.24,0.58,3174.0,34228.0,9.273109734720112,23600.0,14510.0,,,,,,,,,,,,,,,,False,True,True
060280,큐렉소,KOSDAQ,유통,8830.0,3643.0,131.79,3.77,67.0,2342.0,2.860802732707088,22550.0,7880.0,,,,,,,,,,,,,,,,False,True,True
017900,광전자,KOSPI,전기·전자,6260.0,3627.0,85.75,1.31,73.0,4784.0,1.5259197324414715,22450.0,1760.0,,,,,,,,,,,,,,,,False,True,True
002030,아세아,KOSPI,일반서비스,175000.0,3603.0,11.79,0.24,14837.0,722172.0,2.054496712694483,402000.0,157800.0,,,,,,,,,,,,,,,,False,True,True
078160,메디포스트,KOSDAQ,제약,9150.0,3587.0,-4.1,1.44,-2230.0,6371.0,-35.002354418458644,29100.0,8000.0,,,,,,,,,,,,,,,,False,True,True
069080,웹젠,KOSDAQ,IT 서비스,11570.0,3583.0,16.7,0.49,693.0,23519.0,2.94655385007866,18010.0,9530.0,,,,,,,,,,,,,,,,False,True,True
110990,디아이티,KOSDAQ,기계·장비,18950.0,3582.0,11.79,1.48,1607.0,12787.0,12.567451317744585,29000.0,11070.0,,,,,,,,,,,,,,,,False,True,True
003800,에이스침대,KOSDAQ,기타제조,32150.0,3565.0,6.37,0.45,5047.0,70896.0,7.118878357030016,39850.0,26400.0,,,,,,,,,,,,,,,,False,True,True
194370,제이에스코퍼레이션,KOSPI,섬유·의류,12280.0,3563.0,4.56,0.68,2691.0,18174.0,14.806866952789699,16090.0,9500.0,,,,,,,,,,,,,,,,False,True,True
017810,풀무원,KOSPI,음식료·담배,9310.0,3549.0,19.6,1.11,475.0,8405.0,5.651397977394408,18490.0,8820.0,,,,,,,,,,,,,,,,False,True,True
002990,금호건설,KOSPI,건설,9500.0,3540.0,5.54,1.39,1715.0,6841.0,25.069434293231986,18900.0,3200.0,,,,,,,,,,,,,,,,False,True,True
001940,KISCO홀딩스,KOSPI,금속,24950.0,3537.0,-19.39,0.27,-1287.0,93049.0,-1.3831422153918904,29450.0,20150.0,,,,,,,,,,,,,,,,False,True,True
306200,세아제강,KOSPI,금속,123900.0,3514.0,11.71,0.31,10577.0,395605.0,2.673626470848447,189000.0,112000.0,,,,,,,,,,,,,,,,False,True,True
060980,HL홀딩스,KOSPI,금융,38650.0,3509.0,17.4,0.33,2221.0,118065.0,1.8811671536865286,54700.0,37200.0,,,,,,,,,,,,,,,,False,True,True
097520,엠씨넥스,KOSPI,전기·전자,20150.0,3506.0,7.0,0.85,2877.0,23796.0,12.090267271810388,32500.0,17750.0,,,,,,,,,,,,,,,,False,True,True
092230,KPX홀딩스,KOSPI,화학,82900.0,3502.0,4.42,0.3,18774.0,279950.0,6.706197535274155,92200.0,63500.0,,,,,,,,,,,,,,,,False,True,True
204620,글로벌텍스프리,KOSDAQ,금융,4965.0,3490.0,10.05,2.49,494.0,1993.0,24.786753637732062,7830.0,3990.0,,,,,,,,,,,,,,,,False,True,True
105630,한세실업,KOSPI,섬유·의류,8720.0,3488.0,6.09,0.47,1431.0,18656.0,7.670454545454546,15540.0,7800.0,,,,,,,,,,,,,,,,False,True,True
101930,인화정공,KOSDAQ,운송장비·부품,7590.0,3468.0,14.03,1.03,541.0,7394.0,7.316743305382743,64500.0,6790.0,,,,,,,,,,,,,,,,False,True,True
029460,케이씨,KOSPI,의료·정밀기기,31300.0,3449.0,9.47,0.41,3305.0,77202.0,4.280977176757079,43000.0,20850.0,,,,,,,,,,,,,,,,False,True,True
170900,동아에스티,KOSPI,제약,35250.0,3429.0,-12.1,0.53,-2913.0,66796.0,-4.361039583208575,59200.0,31600.0,,,,,,,,,,,,,,,,False,True,True
145720,덴티움,KOSPI,의료·정밀기기,39600.0,3415.0,26.7,0.61,1483.0,65218.0,2.2739121101536384,73400.0,37550.0,,,,,,,,,,,,,,,,False,True,True
454780,KIWOOM 종합채권(AA-이상)액티브,KOSPI,ETF(Active/수익증권),99705.0,3407.0,0.0,0.0,0.0,0.0,,110330.0,99295.0,,,,,,,,,,,,,,,,False,True,True
010690,화신,KOSPI,운송장비·부품,9720.0,3394.0,5.09,0.59,1910.0,16443.0,11.61588517910357,16720.0,7500.0,,,,,,,,,,,,,,,,False,True,True
